{"algorithm":{"0":"Dummy","1":"Tree","2":"Forest","3":"GradientBoost","4":"MLP","5":"Logistic","6":"SVM"},"train_f1":{"0":"0.468","1":"0.902","2":"0.997","3":"0.976","4":"0.719","5":"0.614","6":"0.913"},"test_f1":{"0":"0.472","1":"0.826","2":"0.852","3":"0.863","4":"0.715","5":"0.613","6":"0.810"},"train_precision":{"0":"0.475","1":"0.960","2":"1.000","3":"0.990","4":"0.750","5":"0.654","6":"0.963"},"test_precision":{"0":"0.487","1":"0.882","2":"0.886","3":"0.898","4":"0.742","5":"0.654","6":"0.845"},"train_recall":{"0":"0.461","1":"0.850","2":"0.994","3":"0.961","4":"0.691","5":"0.579","6":"0.868"},"test_recall":{"0":"0.457","1":"0.777","2":"0.821","3":"0.832","4":"0.690","5":"0.578","6":"0.779"},"params":{"0":{"Dummy__random_state":23,"Dummy__strategy":"stratified"},"1":{"Tree__max_depth":9,"Tree__random_state":23},"2":{"Forest__max_depth":19,"Forest__random_state":23},"3":{"GradientBoost__max_depth":6,"GradientBoost__random_state":23},"4":{"MLP__hidden_layer_sizes":2,"MLP__random_state":23},"5":{"Logistic__C":7.7426368268,"Logistic__random_state":23},"6":{"SVM__C":48.3293023857,"SVM__gamma":1.291549665,"SVM__kernel":"rbf","SVM__random_state":23}}}