{"algorithm":{"0":"Dummy","1":"Tree","2":"Tree","3":"Tree","4":"Tree","5":"Tree","6":"Tree","7":"Tree","8":"Tree","9":"Tree","10":"Forest","11":"Forest","12":"Forest","13":"Forest","14":"Forest","15":"Forest","16":"Forest","17":"Forest","18":"Forest","19":"Forest","20":"Forest","21":"Forest","22":"Forest","23":"Forest","24":"Forest","25":"Forest","26":"Forest","27":"Forest","28":"Forest","29":"GradientBoost","30":"GradientBoost","31":"GradientBoost","32":"GradientBoost","33":"GradientBoost","34":"GradientBoost","35":"GradientBoost","36":"GradientBoost","37":"GradientBoost","38":"MLP","39":"MLP","40":"MLP","41":"MLP","42":"MLP","43":"MLP","44":"MLP","45":"MLP","46":"MLP","47":"MLP","48":"MLP","49":"MLP","50":"MLP","51":"MLP","52":"MLP","53":"MLP","54":"MLP","55":"MLP","56":"MLP","57":"Logistic","58":"Logistic","59":"Logistic","60":"Logistic","61":"Logistic","62":"Logistic","63":"Logistic","64":"Logistic","65":"Logistic","66":"Logistic","67":"Poly_SVM","68":"Poly_SVM","69":"Poly_SVM","70":"Poly_SVM","71":"Poly_SVM","72":"Poly_SVM","73":"Poly_SVM","74":"Poly_SVM","75":"Poly_SVM","76":"Poly_SVM","77":"Poly_SVM","78":"Poly_SVM","79":"Poly_SVM","80":"Poly_SVM","81":"Poly_SVM","82":"Poly_SVM","83":"Poly_SVM","84":"Poly_SVM","85":"Poly_SVM","86":"Poly_SVM","87":"Poly_SVM","88":"Poly_SVM","89":"Poly_SVM","90":"Poly_SVM","91":"Poly_SVM","92":"Poly_SVM","93":"Poly_SVM","94":"Poly_SVM","95":"Poly_SVM","96":"Poly_SVM","97":"Poly_SVM","98":"Poly_SVM","99":"Poly_SVM","100":"Poly_SVM","101":"Poly_SVM","102":"Poly_SVM","103":"Poly_SVM","104":"Poly_SVM","105":"Poly_SVM","106":"Poly_SVM","107":"Poly_SVM","108":"Poly_SVM","109":"Poly_SVM","110":"Poly_SVM","111":"Poly_SVM","112":"Poly_SVM","113":"Poly_SVM","114":"Poly_SVM","115":"Poly_SVM","116":"Poly_SVM","117":"Poly_SVM","118":"Poly_SVM","119":"Poly_SVM","120":"Poly_SVM","121":"Poly_SVM","122":"Poly_SVM","123":"Poly_SVM","124":"Poly_SVM","125":"Poly_SVM","126":"Poly_SVM","127":"Poly_SVM","128":"Poly_SVM","129":"Poly_SVM","130":"Poly_SVM","131":"Poly_SVM","132":"Poly_SVM","133":"Poly_SVM","134":"Poly_SVM","135":"Poly_SVM","136":"Poly_SVM","137":"Poly_SVM","138":"Poly_SVM","139":"Poly_SVM","140":"Poly_SVM","141":"Poly_SVM","142":"Poly_SVM","143":"Poly_SVM","144":"Poly_SVM","145":"Poly_SVM","146":"Poly_SVM","147":"SVM","148":"SVM","149":"SVM","150":"SVM","151":"SVM","152":"SVM","153":"SVM","154":"SVM","155":"SVM","156":"SVM","157":"SVM","158":"SVM","159":"SVM","160":"SVM","161":"SVM","162":"SVM","163":"SVM","164":"SVM","165":"SVM","166":"SVM","167":"SVM","168":"SVM","169":"SVM","170":"SVM","171":"SVM","172":"SVM","173":"SVM","174":"SVM","175":"SVM","176":"SVM","177":"SVM","178":"SVM","179":"SVM","180":"SVM","181":"SVM","182":"SVM","183":"SVM","184":"SVM","185":"SVM","186":"SVM","187":"SVM","188":"SVM","189":"SVM","190":"SVM","191":"SVM","192":"SVM","193":"SVM","194":"SVM","195":"SVM","196":"SVM","197":"SVM","198":"SVM","199":"SVM","200":"SVM","201":"SVM","202":"SVM","203":"SVM","204":"SVM","205":"SVM","206":"SVM","207":"SVM","208":"SVM","209":"SVM","210":"SVM","211":"SVM","212":"SVM","213":"SVM","214":"SVM","215":"SVM","216":"SVM","217":"SVM","218":"SVM","219":"SVM","220":"SVM","221":"SVM","222":"SVM","223":"SVM","224":"SVM","225":"SVM","226":"SVM","227":"SVM","228":"SVM","229":"SVM","230":"SVM","231":"SVM","232":"SVM","233":"SVM","234":"SVM","235":"SVM","236":"SVM","237":"SVM","238":"SVM","239":"SVM","240":"SVM","241":"SVM","242":"SVM","243":"SVM","244":"SVM","245":"SVM","246":"SVM","247":"SVM","248":"SVM","249":"SVM","250":"SVM","251":"SVM","252":"SVM","253":"SVM","254":"SVM","255":"SVM","256":"SVM","257":"SVM","258":"SVM","259":"SVM","260":"SVM","261":"SVM","262":"SVM","263":"SVM","264":"SVM","265":"SVM","266":"SVM","267":"SVM","268":"SVM","269":"SVM","270":"SVM","271":"SVM","272":"SVM","273":"SVM","274":"SVM","275":"SVM","276":"SVM","277":"SVM","278":"SVM","279":"SVM","280":"SVM","281":"SVM","282":"SVM","283":"SVM","284":"SVM","285":"SVM","286":"SVM","287":"SVM","288":"SVM","289":"SVM","290":"SVM","291":"SVM","292":"SVM","293":"SVM","294":"SVM","295":"SVM","296":"SVM","297":"SVM","298":"SVM","299":"SVM","300":"SVM","301":"SVM","302":"SVM","303":"SVM","304":"SVM","305":"SVM","306":"SVM","307":"SVM","308":"SVM","309":"SVM","310":"SVM","311":"SVM","312":"SVM","313":"SVM","314":"SVM","315":"SVM","316":"SVM","317":"SVM","318":"SVM","319":"SVM","320":"SVM","321":"SVM","322":"SVM","323":"SVM","324":"SVM","325":"SVM","326":"SVM","327":"SVM","328":"SVM","329":"SVM","330":"SVM","331":"SVM","332":"SVM","333":"SVM","334":"SVM","335":"SVM","336":"SVM","337":"SVM","338":"SVM","339":"SVM","340":"SVM","341":"SVM","342":"SVM","343":"SVM","344":"SVM","345":"SVM","346":"SVM"},"train_f1":{"0":0.4498694065,"1":0.689779894,"2":0.7986568772,"3":0.8793770935,"4":0.8978484596,"5":0.9282534389,"6":0.9472897852,"7":0.9616716746,"8":0.9720459974,"9":0.9793137689,"10":0.7862023612,"11":0.818386004,"12":0.848235211,"13":0.8895541586,"14":0.9114464435,"15":0.9270197056,"16":0.9450215466,"17":0.963983553,"18":0.981301789,"19":0.9912400701,"20":0.9948267093,"21":0.9977433646,"22":0.9989534953,"23":0.999839099,"24":1.0,"25":1.0,"26":1.0,"27":1.0,"28":1.0,"29":0.8835073298,"30":0.951764409,"31":0.9848279689,"32":0.9976655064,"33":1.0,"34":1.0,"35":1.0,"36":1.0,"37":1.0,"38":0.808033498,"39":0.8072293895,"40":0.8157436448,"41":0.8399759993,"42":0.8222097457,"43":0.8436329431,"44":0.8131358349,"45":0.8396273716,"46":0.8427903317,"47":0.8467226202,"48":0.8359411175,"49":0.8371009108,"50":0.8404741373,"51":0.8405141923,"52":0.8439018865,"53":0.8405553799,"54":0.8517710168,"55":0.8472550226,"56":0.8518792212,"57":0.8066930942,"58":0.8064320255,"59":0.8056852164,"60":0.8049830904,"61":0.8049133064,"62":0.8048129719,"63":0.8048129719,"64":0.8048129719,"65":0.8048129719,"66":0.8048129719,"67":0.0,"68":0.7916396218,"69":0.8021126224,"70":0.7788626021,"71":0.0,"72":0.7943199726,"73":0.8086844563,"74":0.7937820447,"75":0.0,"76":0.7965918534,"77":0.8133237038,"78":0.8056086786,"79":0.0,"80":0.7958401194,"81":0.8183475072,"82":0.8122132916,"83":0.0,"84":0.7962897268,"85":0.8237191981,"86":0.8199360873,"87":0.0,"88":0.7960513892,"89":0.8266363825,"90":0.8297698565,"91":0.0,"92":0.7955468398,"93":0.833276364,"94":0.8374673374,"95":0.0,"96":0.7948233768,"97":0.8345841527,"98":0.841797081,"99":0.0,"100":0.7947325223,"101":0.8387439047,"102":0.8463660576,"103":0.0,"104":0.7943877963,"105":0.8406779175,"106":0.850869599,"107":0.0,"108":0.7938101551,"109":0.8448360017,"110":0.8555890017,"111":0.0,"112":0.7940860962,"113":0.8484235208,"114":0.8620598141,"115":0.0,"116":0.7939187179,"117":0.8525913229,"118":0.8679974077,"119":0.0,"120":0.7939187179,"121":0.8552552524,"122":0.8756979229,"123":0.0,"124":0.7939187179,"125":0.8562281403,"126":0.8847010638,"127":0.0,"128":0.793955057,"129":0.8571493731,"130":0.8904727571,"131":0.0,"132":0.7938512827,"133":0.8588465408,"134":0.8955263509,"135":0.0,"136":0.793955057,"137":0.8608460981,"138":0.8990945552,"139":0.0,"140":0.7942594728,"141":0.8614109414,"142":0.9046185759,"143":0.0,"144":0.7943265702,"145":0.8614369713,"146":0.9058721464,"147":0.8621364228,"148":0.8695021689,"149":0.8829376684,"150":0.8927661242,"151":0.9049303272,"152":0.9218726093,"153":0.9422858605,"154":0.9613150741,"155":0.9779681663,"156":0.9905727549,"157":0.8648307854,"158":0.875810168,"159":0.8885343424,"160":0.8994363791,"161":0.9159866275,"162":0.9353741164,"163":0.955363995,"164":0.9724326283,"165":0.9864359736,"166":0.9957357284,"167":0.8689764965,"168":0.8818026852,"169":0.8925731802,"170":0.9072697524,"171":0.9249565674,"172":0.9502024083,"173":0.9680459368,"174":0.9800829842,"175":0.9939636137,"176":0.9978297744,"177":0.8721222899,"178":0.886184851,"179":0.8972151961,"180":0.916825642,"181":0.9413638368,"182":0.9616679763,"183":0.975027429,"184":0.9891877843,"185":0.9964609495,"186":0.9988758885,"187":0.8780506562,"188":0.8899708127,"189":0.9035788329,"190":0.9267770064,"191":0.9523391841,"192":0.9697461029,"193":0.9804795568,"194":0.993881866,"195":0.9975873876,"196":1.0,"197":0.8819102676,"198":0.8930084566,"199":0.9141644955,"200":0.9379526061,"201":0.9602590116,"202":0.9754314668,"203":0.9881356923,"204":0.9965367365,"205":0.9994376218,"206":1.0,"207":0.8865390522,"208":0.897882782,"209":0.9238406916,"210":0.9485557566,"211":0.9657121877,"212":0.9798402439,"213":0.9928249708,"214":0.9976651192,"215":1.0,"216":1.0,"217":0.8900636923,"218":0.9094937692,"219":0.9331645292,"220":0.9557077401,"221":0.9716356261,"222":0.9838148088,"223":0.9954911389,"224":0.9994371049,"225":1.0,"226":1.0,"227":0.8939604851,"228":0.9182978017,"229":0.9410247403,"230":0.961140307,"231":0.9769153884,"232":0.9899286383,"233":0.9978265382,"234":1.0,"235":1.0,"236":1.0,"237":0.8999433495,"238":0.9276440991,"239":0.948404703,"240":0.9661214089,"241":0.9812066609,"242":0.9930772251,"243":0.9988731735,"244":1.0,"245":1.0,"246":1.0,"247":0.9087805546,"248":0.9355241636,"249":0.9544140856,"250":0.9700384566,"251":0.9851112756,"252":0.9963801099,"253":0.9994367167,"254":1.0,"255":1.0,"256":1.0,"257":0.9187426102,"258":0.940682738,"259":0.9598309267,"260":0.9747810973,"261":0.9892769667,"262":0.9982296985,"263":0.9999195495,"264":1.0,"265":1.0,"266":1.0,"267":0.9261196825,"268":0.9475353852,"269":0.9644651951,"270":0.979164909,"271":0.9920364063,"272":0.9991143959,"273":1.0,"274":1.0,"275":1.0,"276":1.0,"277":0.9345114281,"278":0.9514601037,"279":0.9671753802,"280":0.9837229394,"281":0.9954926967,"282":0.9994367167,"283":1.0,"284":1.0,"285":1.0,"286":1.0,"287":0.9409229703,"288":0.9579157597,"289":0.9715631627,"290":0.9875658808,"291":0.9977464769,"292":0.9997586484,"293":1.0,"294":1.0,"295":1.0,"296":1.0,"297":0.9452044252,"298":0.9611061406,"299":0.9772847485,"300":0.990412883,"301":0.9991143959,"302":1.0,"303":1.0,"304":1.0,"305":1.0,"306":1.0,"307":0.9506050897,"308":0.9645103861,"309":0.9807769515,"310":0.9926798986,"311":0.9994367167,"312":1.0,"313":1.0,"314":1.0,"315":1.0,"316":1.0,"317":0.9534256298,"318":0.9681144016,"319":0.9858516285,"320":0.9958932608,"321":0.9996780683,"322":1.0,"323":1.0,"324":1.0,"325":1.0,"326":1.0,"327":0.9579572154,"328":0.9725604887,"329":0.9884581394,"330":0.9986310449,"331":1.0,"332":1.0,"333":1.0,"334":1.0,"335":1.0,"336":1.0,"337":0.9617707599,"338":0.9759519061,"339":0.990250429,"340":0.9995171672,"341":1.0,"342":1.0,"343":1.0,"344":1.0,"345":1.0,"346":1.0},"test_f1":{"0":0.4699995122,"1":0.6901764715,"2":0.7952066566,"3":0.8670366951,"4":0.8809247714,"5":0.9084414692,"6":0.9212871544,"7":0.9254831079,"8":0.9325382319,"9":0.9279571114,"10":0.7830372427,"11":0.8038238922,"12":0.8376539615,"13":0.8643791405,"14":0.8768905534,"15":0.8883487907,"16":0.8981586337,"17":0.905529626,"18":0.9228725331,"19":0.9249107594,"20":0.9309068371,"21":0.9300468948,"22":0.9257056252,"23":0.9346603414,"24":0.9349382748,"25":0.93560719,"26":0.9339367562,"27":0.9323301241,"28":0.9325378408,"29":0.8700017457,"30":0.931840297,"31":0.9513026896,"32":0.9620680163,"33":0.9628406519,"34":0.9627128406,"35":0.9605988617,"36":0.959176729,"37":0.950821498,"38":0.7987826492,"39":0.8005454278,"40":0.8101752537,"41":0.8348387218,"42":0.8107622296,"43":0.8315535595,"44":0.8065611936,"45":0.8272241761,"46":0.8361761722,"47":0.8376969201,"48":0.8263566232,"49":0.8248511185,"50":0.8301935563,"51":0.8258110171,"52":0.8347562188,"53":0.8280474294,"54":0.8426714141,"55":0.8385041629,"56":0.8396328715,"57":0.7964412342,"58":0.7954812386,"59":0.7960356981,"60":0.7968681749,"61":0.7968681749,"62":0.7968681749,"63":0.7968681749,"64":0.7968681749,"65":0.7968681749,"66":0.7968681749,"67":0.0,"68":0.7824081924,"69":0.7984847724,"70":0.7625054228,"71":0.0,"72":0.7818656737,"73":0.8009581148,"74":0.7698160144,"75":0.0,"76":0.7837545842,"77":0.8049572686,"78":0.7931675942,"79":0.0,"80":0.7818501786,"81":0.8089657923,"82":0.7952035871,"83":0.0,"84":0.7824977471,"85":0.810527585,"86":0.7995787965,"87":0.0,"88":0.7810961188,"89":0.8149809349,"90":0.806599742,"91":0.0,"92":0.7828442963,"93":0.8147616804,"94":0.8121540186,"95":0.0,"96":0.781429246,"97":0.8172266513,"98":0.8139600162,"99":0.0,"100":0.7807540329,"101":0.8214826297,"102":0.8109576096,"103":0.0,"104":0.7786707243,"105":0.8275736488,"106":0.8160791516,"107":0.0,"108":0.7795883583,"109":0.8325624368,"110":0.8163904506,"111":0.0,"112":0.7801831288,"113":0.8347559541,"114":0.8186905971,"115":0.0,"116":0.7797833991,"117":0.8405465861,"118":0.8243432728,"119":0.0,"120":0.7797833991,"121":0.8374924778,"122":0.8275414008,"123":0.0,"124":0.7797833991,"125":0.8373437495,"126":0.8322213967,"127":0.0,"128":0.7797833991,"129":0.8429977165,"130":0.8358648753,"131":0.0,"132":0.7797833991,"133":0.844900547,"134":0.8389864479,"135":0.0,"136":0.7797833991,"137":0.8455184101,"138":0.83794439,"139":0.0,"140":0.7797833991,"141":0.8429033344,"142":0.8438251765,"143":0.0,"144":0.7797833991,"145":0.8412052123,"146":0.8431019007,"147":0.8470575394,"148":0.8553700788,"149":0.8579327528,"150":0.8664829056,"151":0.8717194219,"152":0.8726813965,"153":0.8683902126,"154":0.8619130177,"155":0.8647112581,"156":0.7897831502,"157":0.8544959489,"158":0.8561188966,"159":0.8601498493,"160":0.8656159146,"161":0.8712796721,"162":0.8719531181,"163":0.865990154,"164":0.8657634771,"165":0.8653557721,"166":0.7949805729,"167":0.8547433214,"168":0.8583770332,"169":0.8651733503,"170":0.8721269363,"171":0.8698728144,"172":0.8701800318,"173":0.8695456737,"174":0.8650382895,"175":0.8675014382,"176":0.7967795605,"177":0.8499570794,"178":0.8585665372,"179":0.8635669922,"180":0.8700682145,"181":0.8710828755,"182":0.8728106756,"183":0.8723829125,"184":0.8663391159,"185":0.8646500467,"186":0.794663341,"187":0.8532360005,"188":0.8585061983,"189":0.8635170618,"190":0.8714182787,"191":0.8730443376,"192":0.8754952721,"193":0.869175834,"194":0.8638715436,"195":0.8621031051,"196":0.7949661043,"197":0.8599450051,"198":0.8636499336,"199":0.8669413195,"200":0.8744401365,"201":0.8737146294,"202":0.8735821922,"203":0.8710670708,"204":0.8639152127,"205":0.8621719242,"206":0.7952093066,"207":0.858365639,"208":0.8610013942,"209":0.8687675326,"210":0.8700096261,"211":0.8789781501,"212":0.8746703505,"213":0.8676942283,"214":0.8662584368,"215":0.8603523499,"216":0.7952093066,"217":0.8586405336,"218":0.8553379682,"219":0.8632673456,"220":0.8760474335,"221":0.8809275543,"222":0.8736002179,"223":0.8719515699,"224":0.8653019897,"225":0.8603523499,"226":0.7952093066,"227":0.8545270124,"228":0.8586131455,"229":0.8684653514,"230":0.8734840076,"231":0.8767512646,"232":0.871584547,"233":0.8698669305,"234":0.8647048315,"235":0.8603523499,"236":0.7952093066,"237":0.8539607625,"238":0.8620533594,"239":0.8707920947,"240":0.8683965037,"241":0.8749954946,"242":0.8692822037,"243":0.8693569328,"244":0.8629032209,"245":0.8603523499,"246":0.7952093066,"247":0.8527349589,"248":0.8682508885,"249":0.8678428451,"250":0.866540168,"251":0.8712114238,"252":0.8624820926,"253":0.8673775678,"254":0.8629032209,"255":0.8603523499,"256":0.7952093066,"257":0.8582242872,"258":0.8675363747,"259":0.8694011255,"260":0.8607132946,"261":0.8574694804,"262":0.8615617294,"263":0.8678075741,"264":0.8629032209,"265":0.8603523499,"266":0.7952093066,"267":0.8607362729,"268":0.8695027295,"269":0.8681826248,"270":0.8614584647,"271":0.8564683871,"272":0.855850553,"273":0.8678822243,"274":0.8629032209,"275":0.8603523499,"276":0.7952093066,"277":0.8658240675,"278":0.8703505529,"279":0.8689953804,"280":0.8604181192,"281":0.8520449926,"282":0.8527405619,"283":0.8670818191,"284":0.8629032209,"285":0.8603523499,"286":0.7952093066,"287":0.8668385245,"288":0.8690510896,"289":0.8606775225,"290":0.8509961378,"291":0.8459311382,"292":0.8547412639,"293":0.8670818191,"294":0.8629032209,"295":0.8603523499,"296":0.7952093066,"297":0.8694424171,"298":0.8663186872,"299":0.8588417242,"300":0.8432086036,"301":0.8454106523,"302":0.8535888088,"303":0.8670818191,"304":0.8629032209,"305":0.8603523499,"306":0.7952093066,"307":0.8705776475,"308":0.86383262,"309":0.8598857935,"310":0.8393860204,"311":0.8456963349,"312":0.8539988741,"313":0.8670818191,"314":0.8629032209,"315":0.8603523499,"316":0.7952093066,"317":0.8718094264,"318":0.8629570875,"319":0.8589553055,"320":0.8418753575,"321":0.8457467378,"322":0.8539988741,"323":0.8670818191,"324":0.8629032209,"325":0.8603523499,"326":0.7952093066,"327":0.8680803169,"328":0.8575545223,"329":0.8540386538,"330":0.8341428506,"331":0.8442159621,"332":0.8539988741,"333":0.8670818191,"334":0.8629032209,"335":0.8603523499,"336":0.7952093066,"337":0.8675476435,"338":0.8554587754,"339":0.8414278204,"340":0.8291527725,"341":0.8428134168,"342":0.8539988741,"343":0.8670818191,"344":0.8629032209,"345":0.8603523499,"346":0.7952093066},"train_precision":{"0":0.4703508772,"1":0.8596603759,"2":0.7890901134,"3":0.9029579631,"4":0.9389821214,"5":0.9361587331,"6":0.958900412,"7":0.9609223196,"8":0.9662493638,"9":0.9798978178,"10":0.8221399731,"11":0.895222131,"12":0.9576581908,"13":0.9645432182,"14":0.9685898635,"15":0.9749975404,"16":0.9833155286,"17":0.9910142749,"18":0.9966854068,"19":0.9998360656,"20":1.0,"21":1.0,"22":1.0,"23":1.0,"24":1.0,"25":1.0,"26":1.0,"27":1.0,"28":1.0,"29":0.9298595932,"30":0.9612903073,"31":0.9885051204,"32":0.9983902051,"33":1.0,"34":1.0,"35":1.0,"36":1.0,"37":1.0,"38":0.8236328058,"39":0.8636732611,"40":0.8678966973,"41":0.8802461927,"42":0.8754937124,"43":0.8888549244,"44":0.8515305041,"45":0.8707910918,"46":0.8811278194,"47":0.8785489022,"48":0.8882081347,"49":0.8830275634,"50":0.8945634255,"51":0.8868318306,"52":0.8814799962,"53":0.87954435,"54":0.8981928479,"55":0.8931272172,"56":0.9020561634,"57":0.837479618,"58":0.8376645617,"59":0.8349463092,"60":0.8339943659,"61":0.8334736583,"62":0.8334445718,"63":0.8334445718,"64":0.8334445718,"65":0.8334445718,"66":0.8334445718,"67":0.0,"68":0.8532554382,"69":0.8800677661,"70":0.9538935094,"71":0.0,"72":0.8530982455,"73":0.8848567227,"74":0.9513154749,"75":0.0,"76":0.8530416282,"77":0.8894096528,"78":0.9485972574,"79":0.0,"80":0.8500951063,"81":0.8926549167,"82":0.9467163309,"83":0.0,"84":0.8501237692,"85":0.8975714245,"86":0.944090826,"87":0.0,"88":0.8493877934,"89":0.8993092803,"90":0.9449497367,"91":0.0,"92":0.8484242462,"93":0.9046080372,"94":0.9448689343,"95":0.0,"96":0.8465636537,"97":0.9053243541,"98":0.9447930923,"99":0.0,"100":0.8461421449,"101":0.9093329757,"102":0.9436701368,"103":0.0,"104":0.846176663,"105":0.9095319193,"106":0.9432924156,"107":0.0,"108":0.8458834139,"109":0.9099157548,"110":0.9413807472,"111":0.0,"112":0.8460909971,"113":0.9099029342,"114":0.9393663072,"115":0.0,"116":0.8455143813,"117":0.9127609319,"118":0.9368846886,"119":0.0,"120":0.8455143813,"121":0.9119675258,"122":0.9353684409,"123":0.0,"124":0.8455143813,"125":0.9102733945,"126":0.9332900851,"127":0.0,"128":0.8453918517,"129":0.9094734349,"130":0.9312515755,"131":0.0,"132":0.8453650531,"133":0.9100984255,"134":0.9291562947,"135":0.0,"136":0.8453918517,"137":0.9099483166,"138":0.9281295328,"139":0.0,"140":0.8454746835,"141":0.9094379638,"142":0.9306509749,"143":0.0,"144":0.8456265813,"145":0.909290726,"146":0.9318438217,"147":0.914390718,"148":0.9137609728,"149":0.9189778727,"150":0.9310493612,"151":0.9364020221,"152":0.9413612831,"153":0.9528267514,"154":0.9697552502,"155":0.9851627043,"156":0.9927351138,"157":0.9147969039,"158":0.9171620947,"159":0.9269737705,"160":0.9349785706,"161":0.9428223452,"162":0.9494777198,"163":0.964461015,"164":0.9807188489,"165":0.990595707,"166":0.9964588685,"167":0.9172956787,"168":0.920295072,"169":0.9302730991,"170":0.9386343032,"171":0.9470975864,"172":0.9617936586,"173":0.9766168968,"174":0.9869614791,"175":0.9950062126,"176":0.9975899703,"177":0.9191493712,"178":0.9239251582,"179":0.933170311,"180":0.943515841,"181":0.9563664973,"182":0.9714640388,"183":0.9833250685,"184":0.9927175599,"185":0.9969437759,"186":0.9977546088,"187":0.9189688533,"188":0.9261036478,"189":0.9351971265,"190":0.9487966791,"191":0.9651586831,"192":0.9784032836,"193":0.987768816,"194":0.9951659403,"195":0.9977489314,"196":1.0,"197":0.9187975855,"198":0.9274543135,"199":0.9409636419,"200":0.955169908,"201":0.9707586005,"202":0.9838176326,"203":0.9920648193,"204":0.9982258023,"205":0.9988761464,"206":1.0,"207":0.9241192736,"208":0.9297736091,"209":0.9454724382,"210":0.9619734103,"211":0.9760298355,"212":0.9867962863,"213":0.9954760186,"214":0.9988720041,"215":1.0,"216":1.0,"217":0.9253937792,"218":0.9365110887,"219":0.9521441874,"220":0.9680100218,"221":0.9822597526,"222":0.9902274048,"223":0.9969370372,"224":0.9996787147,"225":1.0,"226":1.0,"227":0.9257850033,"228":0.9402362942,"229":0.9561835732,"230":0.9720568756,"231":0.9841735776,"232":0.9920881604,"233":0.9988727825,"234":1.0,"235":1.0,"236":1.0,"237":0.9279487281,"238":0.9469293909,"239":0.9616582075,"240":0.9763612908,"241":0.9885758585,"242":0.994361817,"243":0.9996784558,"244":1.0,"245":1.0,"246":1.0,"247":0.9328101343,"248":0.9523776262,"249":0.968253051,"250":0.9796724356,"251":0.9913693366,"252":0.996943259,"253":1.0,"254":1.0,"255":1.0,"256":1.0,"257":0.9392356667,"258":0.9561626679,"259":0.9729310451,"260":0.9831552992,"261":0.99191795,"262":0.9990348512,"263":1.0,"264":1.0,"265":1.0,"266":1.0,"267":0.9437712712,"268":0.96328431,"269":0.9754977329,"270":0.9874134143,"271":0.9926008071,"272":1.0,"273":1.0,"274":1.0,"275":1.0,"276":1.0,"277":0.9494277934,"278":0.9655731033,"279":0.9775062368,"280":0.9908692632,"281":0.9966160191,"282":1.0,"283":1.0,"284":1.0,"285":1.0,"286":1.0,"287":0.9565129862,"288":0.9718754556,"289":0.9819492535,"290":0.9917346098,"291":0.9988733028,"292":1.0,"293":1.0,"294":1.0,"295":1.0,"296":1.0,"297":0.9602037434,"298":0.9748650689,"299":0.9862571202,"300":0.9924146133,"301":1.0,"302":1.0,"303":1.0,"304":1.0,"305":1.0,"306":1.0,"307":0.9638177693,"308":0.9765967543,"309":0.9895303373,"310":0.9932413525,"311":1.0,"312":1.0,"313":1.0,"314":1.0,"315":1.0,"316":1.0,"317":0.9674096967,"318":0.9796011664,"319":0.9912259611,"320":0.9975827171,"321":1.0,"322":1.0,"323":1.0,"324":1.0,"325":1.0,"326":1.0,"327":0.9709532178,"328":0.9821470019,"329":0.9922250689,"330":1.0,"331":1.0,"332":1.0,"333":1.0,"334":1.0,"335":1.0,"336":1.0,"337":0.9752125923,"338":0.986379768,"339":0.9924122633,"340":1.0,"341":1.0,"342":1.0,"343":1.0,"344":1.0,"345":1.0,"346":1.0},"test_precision":{"0":0.4817948718,"1":0.8633798152,"2":0.7875533056,"3":0.8954872375,"4":0.9303977527,"5":0.9197146237,"6":0.935595631,"7":0.934981077,"8":0.9320398101,"9":0.9325722223,"10":0.8217361507,"11":0.872056301,"12":0.9450963511,"13":0.9483702006,"14":0.9396185807,"15":0.9438935317,"16":0.9494387303,"17":0.9500205059,"18":0.9541368053,"19":0.9504072543,"20":0.9551597564,"21":0.9549354596,"22":0.9491734316,"23":0.9581780938,"24":0.9554979671,"25":0.957030197,"26":0.956830332,"27":0.9580060658,"28":0.955328058,"29":0.9210646647,"30":0.9537528679,"31":0.9582506248,"32":0.9710894407,"33":0.9695743437,"34":0.9723642511,"35":0.9679862862,"36":0.9667102997,"37":0.9635423883,"38":0.8185007285,"39":0.8533649915,"40":0.8602131991,"41":0.8734216413,"42":0.8643747659,"43":0.8767813303,"44":0.8454393566,"45":0.8592160587,"46":0.8745213598,"47":0.8760565545,"48":0.8806081784,"49":0.8738198281,"50":0.8782384835,"51":0.870196213,"52":0.8708202515,"53":0.8627072702,"54":0.8871245033,"55":0.8871294956,"56":0.8926826909,"57":0.8291372914,"58":0.8248123996,"59":0.8230007065,"60":0.8232421552,"61":0.8232421552,"62":0.8232421552,"63":0.8232421552,"64":0.8232421552,"65":0.8232421552,"66":0.8232421552,"67":0.0,"68":0.848379197,"69":0.8778303717,"70":0.9415034881,"71":0.0,"72":0.845685735,"73":0.87956672,"74":0.9361764429,"75":0.0,"76":0.8458849109,"77":0.8831571029,"78":0.9324998316,"79":0.0,"80":0.8392106853,"81":0.8876678972,"82":0.9273511595,"83":0.0,"84":0.8360667169,"85":0.8872238704,"86":0.924652495,"87":0.0,"88":0.8344626899,"89":0.8939052142,"90":0.9256025659,"91":0.0,"92":0.8344691556,"93":0.8910848084,"94":0.923378167,"95":0.0,"96":0.8330720491,"97":0.8940177703,"98":0.920974372,"99":0.0,"100":0.8315699551,"101":0.891484641,"102":0.916593752,"103":0.0,"104":0.8284484914,"105":0.9013286091,"106":0.9094086743,"107":0.0,"108":0.8287748317,"109":0.8960704827,"110":0.8990557043,"111":0.0,"112":0.8300893159,"113":0.8950195293,"114":0.8937878979,"115":0.0,"116":0.8312110748,"117":0.902642021,"118":0.8894201653,"119":0.0,"120":0.8312110748,"121":0.8993521198,"122":0.8880160616,"123":0.0,"124":0.8312110748,"125":0.8953264796,"126":0.8781856725,"127":0.0,"128":0.8312110748,"129":0.8996633198,"130":0.8751700091,"131":0.0,"132":0.8312110748,"133":0.9003611421,"134":0.869979317,"135":0.0,"136":0.8312110748,"137":0.8969376371,"138":0.8650721991,"139":0.0,"140":0.8312110748,"141":0.8950978387,"142":0.8676288965,"143":0.0,"144":0.8312110748,"145":0.8944781488,"146":0.868949645,"147":0.9006167963,"148":0.9010406113,"149":0.8928816189,"150":0.8985295459,"151":0.8913293704,"152":0.8826708018,"153":0.8649883115,"154":0.8494827488,"155":0.8485030042,"156":0.8961922456,"157":0.9059718592,"158":0.9027914602,"159":0.89380027,"160":0.8916924231,"161":0.8937772842,"162":0.8779244295,"163":0.8588578653,"164":0.8513702644,"165":0.8448284568,"166":0.8916381252,"167":0.9044271506,"168":0.8986285329,"169":0.8990505712,"170":0.8942419929,"171":0.8824842496,"172":0.8688633497,"173":0.8573362377,"174":0.8489977312,"175":0.8474027761,"176":0.8889202183,"177":0.8976998275,"178":0.8973481842,"179":0.8974684478,"180":0.8911472081,"181":0.8764680127,"182":0.8710105369,"183":0.8563190702,"184":0.8513069495,"185":0.8446483039,"186":0.8855196669,"187":0.8941552433,"188":0.8968610223,"189":0.8876475888,"190":0.8844547133,"191":0.8804514369,"192":0.8705131471,"193":0.8552622255,"194":0.8520819547,"195":0.841022745,"196":0.8844337026,"197":0.8966445133,"198":0.8976110047,"199":0.8899633408,"200":0.8860965353,"201":0.8772926719,"202":0.864014135,"203":0.8579521149,"204":0.8522312062,"205":0.841303636,"206":0.8828662684,"207":0.893346661,"208":0.8919714091,"209":0.8896423765,"210":0.8822555722,"211":0.8864871936,"212":0.8666417391,"213":0.8541095705,"214":0.8541403469,"215":0.8378217655,"216":0.8828662684,"217":0.89585782,"218":0.8789142235,"219":0.8797349097,"220":0.8873164001,"221":0.8843296373,"222":0.8684848902,"223":0.8582714472,"224":0.8510382867,"225":0.8378217655,"226":0.8828662684,"227":0.8884831601,"228":0.8848738326,"229":0.8868752188,"230":0.89262421,"231":0.8788139558,"232":0.8659199341,"233":0.8514842497,"234":0.8500771531,"235":0.8378217655,"236":0.8828662684,"237":0.8855219224,"238":0.8808383257,"239":0.887329298,"240":0.8857162027,"241":0.8754683464,"242":0.8597609643,"243":0.8507201199,"244":0.8467455007,"245":0.8378217655,"246":0.8828662684,"247":0.8747748515,"248":0.8875759335,"249":0.8887018174,"250":0.8803339132,"251":0.8722934199,"252":0.8511176334,"253":0.849803552,"254":0.8467455007,"255":0.8378217655,"256":0.8828662684,"257":0.8797940815,"258":0.8873523664,"259":0.8858337307,"260":0.8746927081,"261":0.8625992834,"262":0.8518811751,"263":0.8520831027,"264":0.8467455007,"265":0.8378217655,"266":0.8828662684,"267":0.8811821496,"268":0.8893790994,"269":0.8881237654,"270":0.8760871352,"271":0.8592271514,"272":0.8490752599,"273":0.8524600141,"274":0.8467455007,"275":0.8378217655,"276":0.8828662684,"277":0.8819152713,"278":0.8900772389,"279":0.888204622,"280":0.8717663619,"281":0.8547093984,"282":0.8446071836,"283":0.8522643959,"284":0.8467455007,"285":0.8378217655,"286":0.8828662684,"287":0.8894181892,"288":0.882325484,"289":0.8803106887,"290":0.8630423158,"291":0.853306483,"292":0.8472866968,"293":0.8522643959,"294":0.8467455007,"295":0.8378217655,"296":0.8828662684,"297":0.8899394536,"298":0.8797341978,"299":0.8713492715,"300":0.8535385528,"301":0.8520315461,"302":0.8481402764,"303":0.8522643959,"304":0.8467455007,"305":0.8378217655,"306":0.8828662684,"307":0.8939180124,"308":0.8790548162,"309":0.8735945048,"310":0.8501825812,"311":0.8493194198,"312":0.850022355,"313":0.8522643959,"314":0.8467455007,"315":0.8378217655,"316":0.8828662684,"317":0.8914430764,"318":0.8848552441,"319":0.87464992,"320":0.854294381,"321":0.8491780464,"322":0.850022355,"323":0.8522643959,"324":0.8467455007,"325":0.8378217655,"326":0.8828662684,"327":0.8801753566,"328":0.8736950052,"329":0.8662990615,"330":0.8451128202,"331":0.8488165168,"332":0.850022355,"333":0.8522643959,"334":0.8467455007,"335":0.8378217655,"336":0.8828662684,"337":0.8823008058,"338":0.872160299,"339":0.8567290238,"340":0.8349657632,"341":0.8476248936,"342":0.850022355,"343":0.8522643959,"344":0.8467455007,"345":0.8378217655,"346":0.8828662684},"train_recall":{"0":0.4310972863,"1":0.5759777043,"2":0.8084898333,"3":0.8570503958,"4":0.860265571,"5":0.9215320171,"6":0.9361645722,"7":0.9625337206,"8":0.9781288348,"9":0.9787732161,"10":0.7533355598,"11":0.7541391594,"12":0.7613751806,"13":0.8255318929,"14":0.8607473684,"15":0.8835821282,"16":0.9096333577,"17":0.9384164117,"18":0.9663940538,"19":0.9827950976,"20":0.9897093165,"21":0.9954978745,"22":0.997909709,"23":0.9996784566,"24":1.0,"25":1.0,"26":1.0,"27":1.0,"28":1.0,"29":0.8416142411,"30":0.9424354454,"31":0.9811868628,"32":0.9969448198,"33":1.0,"34":1.0,"35":1.0,"36":1.0,"37":1.0,"38":0.7930510897,"39":0.7578382031,"40":0.7695760908,"41":0.8033435854,"42":0.7752043949,"43":0.802862047,"44":0.7780982856,"45":0.8107398605,"46":0.8076849392,"47":0.8171735765,"48":0.7895148889,"49":0.7957867976,"50":0.7925703279,"51":0.7988430133,"52":0.8094539458,"53":0.8049520792,"54":0.8099365198,"55":0.805917745,"56":0.8070426291,"57":0.7780980267,"58":0.7774551988,"59":0.7784200879,"60":0.7779375139,"61":0.7782590573,"62":0.7780980267,"63":0.7780980267,"64":0.7780980267,"65":0.7780980267,"66":0.7780980267,"67":0.0,"68":0.7383837913,"69":0.7369342571,"70":0.6583039491,"71":0.0,"72":0.7432066835,"73":0.7446538878,"74":0.6811394856,"75":0.0,"76":0.7472254584,"77":0.7493173028,"78":0.7001126179,"79":0.0,"80":0.7481895708,"81":0.7555884348,"82":0.7112066421,"83":0.0,"84":0.7489929115,"85":0.7612151855,"86":0.7247125008,"87":0.0,"88":0.7491531655,"89":0.7649137114,"90":0.7396671171,"91":0.0,"92":0.7489923938,"93":0.7724707582,"94":0.7520486095,"95":0.0,"96":0.7491531655,"97":0.7742395058,"98":0.7591225645,"99":0.0,"100":0.7493141961,"101":0.7784206057,"102":0.767322957,"103":0.0,"104":0.7486711092,"105":0.781637852,"106":0.7750415521,"107":0.0,"108":0.7478672507,"109":0.7885523298,"110":0.7842089048,"111":0.0,"112":0.748189053,"113":0.7948232029,"114":0.7965896205,"115":0.0,"116":0.7483498247,"117":0.7999686741,"118":0.808648275,"119":0.0,"120":0.7483498247,"121":0.805274917,"122":0.8232821246,"123":0.0,"124":0.7483498247,"125":0.8083298383,"126":0.8409701187,"127":0.0,"128":0.7485105964,"129":0.810580901,"130":0.8531900627,"131":0.0,"132":0.7483498247,"133":0.8131529894,"134":0.8642856403,"135":0.0,"136":0.7485105964,"137":0.8168509975,"138":0.8718432049,"139":0.0,"140":0.7489929115,"141":0.8182987195,"142":0.8800451507,"143":0.0,"144":0.7489929115,"145":0.8184597501,"146":0.8813310654,"147":0.815564565,"148":0.8293927438,"149":0.8496533441,"150":0.857532711,"151":0.8755425074,"152":0.9031999006,"153":0.9319829546,"154":0.9530471545,"155":0.9708959204,"156":0.9884231428,"157":0.8200672083,"158":0.8380757103,"159":0.8531910983,"160":0.8665377386,"161":0.8906578954,"162":0.921692271,"163":0.9464544791,"164":0.9643029861,"165":0.9823125236,"166":0.9950153005,"167":0.8255337051,"168":0.8464373922,"169":0.8578534777,"170":0.8779538241,"171":0.9038432463,"172":0.9388979501,"173":0.9596400889,"174":0.9733074959,"175":0.9929252683,"176":0.9980704807,"177":0.8297140283,"178":0.8514223506,"179":0.8639643558,"180":0.8916214901,"181":0.9268387778,"182":0.9520830421,"183":0.9668758511,"184":0.9856889883,"185":0.9959801896,"186":1.0,"187":0.840649352,"188":0.8565678218,"189":0.8740947854,"190":0.9057727656,"191":0.9398628392,"192":0.9612472881,"193":0.9733074959,"194":0.9926037249,"195":0.9974271349,"196":1.0,"197":0.8478845965,"198":0.8610691707,"199":0.8888891478,"200":0.9213709865,"201":0.9499924921,"202":0.9671976534,"203":0.9842417841,"204":0.9948542699,"205":1.0,"206":1.0,"207":0.8519044069,"208":0.8681459735,"209":0.9032009362,"210":0.9355212265,"211":0.9556205374,"212":0.9729864703,"213":0.9901911138,"214":0.9964622458,"215":1.0,"216":1.0,"217":0.8573714215,"218":0.8840641844,"219":0.9149383061,"220":0.9437213601,"221":0.9612483237,"222":0.9774883369,"223":0.9940504114,"224":0.9991961415,"225":1.0,"226":1.0,"227":0.8642869348,"228":0.8974108248,"229":0.9263559449,"230":0.9504748073,"231":0.9697697418,"232":0.9877795382,"233":0.9967837892,"234":1.0,"235":1.0,"236":1.0,"237":0.8736148003,"238":0.909150007,"239":0.9355214854,"240":0.9561028525,"241":0.9739505828,"242":0.9917993486,"243":0.9980702218,"244":1.0,"245":1.0,"246":1.0,"247":0.8859942215,"248":0.9192801777,"249":0.9409885,"250":0.9606052369,"251":0.9789355412,"252":0.995819159,"253":0.9988743392,"254":1.0,"255":1.0,"256":1.0,"257":0.8991793135,"258":0.9257123403,"259":0.9470980837,"260":0.9665540488,"261":0.9866538774,"262":0.9974271349,"263":0.9998392283,"264":1.0,"265":1.0,"266":1.0,"267":0.9091494892,"268":0.932304498,"269":0.953691018,"270":0.9710566921,"271":0.9914772874,"272":0.9982309935,"273":1.0,"274":1.0,"275":1.0,"276":1.0,"277":0.9200842951,"278":0.9377728071,"279":0.9570674827,"280":0.9766844784,"281":0.9943722137,"282":0.9988743392,"283":1.0,"284":1.0,"285":1.0,"286":1.0,"287":0.9258725942,"288":0.9443652236,"289":0.9614090954,"290":0.9834371489,"291":0.9966232764,"292":0.9995176849,"293":1.0,"294":1.0,"295":1.0,"296":1.0,"297":0.9306960043,"298":0.9477416883,"299":0.9684846037,"300":0.9884223662,"301":0.9982309935,"302":1.0,"303":1.0,"304":1.0,"305":1.0,"306":1.0,"307":0.9377709948,"308":0.9527253522,"309":0.9721818351,"310":0.992120892,"311":0.9988743392,"312":1.0,"313":1.0,"314":1.0,"315":1.0,"316":1.0,"317":0.9398630981,"318":0.9569064521,"319":0.9805435171,"320":0.994211442,"321":0.9993566543,"322":1.0,"323":1.0,"324":1.0,"325":1.0,"326":1.0,"327":0.9453303716,"328":0.9631781019,"329":0.9847238403,"330":0.9972666221,"331":1.0,"332":1.0,"333":1.0,"334":1.0,"335":1.0,"336":1.0,"337":0.9487063185,"338":0.9657504492,"339":0.9881010816,"340":0.9990351109,"341":1.0,"342":1.0,"343":1.0,"344":1.0,"345":1.0,"346":1.0},"test_recall":{"0":0.5027923465,"1":0.7510926573,"2":0.8011412199,"3":0.8762092075,"4":0.8915161228,"5":0.9130973193,"6":0.9256118881,"7":0.9290695416,"8":0.9353389666,"9":0.9311577312,"10":0.8004322067,"11":0.824752331,"12":0.8602369852,"13":0.8803807304,"14":0.8894182207,"15":0.8991550117,"16":0.9075126263,"17":0.9137674825,"18":0.9283508159,"19":0.929744561,"20":0.9353146853,"21":0.9346299534,"22":0.9304487179,"23":0.93879662,"24":0.93879662,"25":0.9394862082,"26":0.9380973193,"27":0.9367035742,"28":0.9367035742,"29":0.8817696193,"30":0.9360042735,"31":0.9533848096,"32":0.9638403263,"33":0.9645299145,"34":0.964539627,"35":0.9624562937,"36":0.9610576923,"37":0.9534139472,"38":0.8115773116,"39":0.8199252137,"40":0.8282536908,"41":0.8483828671,"42":0.8289141414,"43":0.8463238151,"44":0.8226787102,"45":0.8400592463,"46":0.849791181,"47":0.850475913,"48":0.8428321678,"49":0.8407536908,"50":0.8456099456,"51":0.8407488345,"52":0.8476981352,"53":0.8414481352,"54":0.856041181,"55":0.8532634033,"56":0.8546571484,"57":0.8115724553,"58":0.8101884227,"59":0.8101884227,"60":0.8108828671,"61":0.8108828671,"62":0.8108828671,"63":0.8108828671,"64":0.8108828671,"65":0.8108828671,"66":0.8108828671,"67":0.5194687257,"68":0.806002331,"69":0.8226738539,"70":0.8087752525,"71":0.5194687257,"72":0.8053078866,"73":0.824752331,"74":0.8129516317,"75":0.5194687257,"76":0.8060120435,"77":0.8282342657,"78":0.8275641026,"79":0.5194687257,"80":0.8032294095,"81":0.8317162005,"82":0.828258547,"83":0.5194687257,"84":0.8025252525,"85":0.8324057887,"86":0.8310460373,"87":0.5194687257,"88":0.8011412199,"89":0.8365724553,"90":0.8359120047,"91":0.5194687257,"92":0.802534965,"93":0.8358634421,"94":0.8393793706,"95":0.5194687257,"96":0.8011412199,"97":0.837956488,"98":0.8400738151,"99":0.5194687257,"100":0.8004467754,"101":0.840739122,"102":0.8372863248,"103":0.5194687257,"104":0.7983634421,"105":0.8470036908,"106":0.8400738151,"107":0.5194687257,"108":0.7990578866,"109":0.8497814685,"110":0.8386752137,"111":0.5194687257,"112":0.799752331,"113":0.8511752137,"114":0.8393696581,"115":0.5194687257,"116":0.799752331,"117":0.856745338,"118":0.8428467366,"119":0.5194687257,"120":0.799752331,"121":0.8539724165,"122":0.8449252137,"123":0.5194687257,"124":0.799752331,"125":0.8532731158,"126":0.8470036908,"127":0.5194687257,"128":0.799752331,"129":0.8581390831,"130":0.8490918803,"131":0.5194687257,"132":0.799752331,"133":0.8595182595,"134":0.850475913,"135":0.5194687257,"136":0.799752331,"137":0.8595328283,"138":0.8490967366,"139":0.5194687257,"140":0.799752331,"141":0.8574397824,"142":0.8539529915,"143":0.5194687257,"144":0.799752331,"145":0.8560557498,"146":0.8532634033,"147":0.8615967366,"148":0.8678515929,"149":0.8685606061,"150":0.8762092075,"151":0.8797008547,"152":0.879001554,"153":0.8727466977,"154":0.8651126651,"155":0.8671911422,"156":0.8198912199,"157":0.8678564491,"158":0.8685508936,"159":0.8706682207,"160":0.8748300311,"161":0.8797008547,"162":0.8776126651,"163":0.86996892,"164":0.8685751748,"165":0.8671814297,"166":0.8226544289,"167":0.8678613054,"168":0.8699592075,"169":0.8755390443,"170":0.8803904429,"171":0.8769133644,"172":0.8748300311,"173":0.8727466977,"174":0.8678952991,"175":0.8692599068,"176":0.8233537296,"177":0.8629856255,"178":0.8699640637,"179":0.8741452991,"180":0.8783071096,"181":0.8769133644,"182":0.8776272339,"183":0.8748397436,"184":0.8692890443,"185":0.8664772727,"186":0.8212703963,"187":0.8650835276,"188":0.8699592075,"189":0.8727466977,"190":0.878297397,"191":0.8790064103,"192":0.8797154235,"193":0.8720668221,"194":0.8672008547,"195":0.8636994949,"196":0.8212801088,"197":0.8706487956,"198":0.8741355866,"199":0.8755293318,"200":0.8810897436,"201":0.8790064103,"202":0.8769279332,"203":0.8741452991,"204":0.8671959984,"205":0.8636994949,"206":0.8212801088,"207":0.8692599068,"208":0.8713578089,"209":0.8769133644,"210":0.8769230769,"211":0.8845813908,"212":0.8783216783,"213":0.8706633644,"214":0.869284188,"215":0.8616113054,"216":0.8212801088,"217":0.8699640637,"218":0.8651078089,"219":0.8713578089,"220":0.8824980575,"221":0.8859848485,"222":0.8776223776,"223":0.8748445998,"224":0.8678952991,"225":0.8616113054,"226":0.8212801088,"227":0.8658022533,"228":0.8685897436,"229":0.8762334887,"230":0.8810897436,"231":0.8818036131,"232":0.8755293318,"233":0.872047397,"234":0.8671959984,"235":0.8616113054,"236":0.8212801088,"237":0.8651126651,"238":0.8706682207,"239":0.8783216783,"240":0.876238345,"241":0.879705711,"242":0.872751554,"243":0.8713383838,"244":0.8651029526,"245":0.8616113054,"246":0.8212801088,"247":0.8623348873,"248":0.8762237762,"249":0.8762334887,"250":0.8741647242,"251":0.8762286325,"252":0.8657876845,"253":0.8692404817,"254":0.8651029526,"255":0.8616113054,"256":0.8212801088,"257":0.8672008547,"258":0.8755244755,"259":0.8769133644,"260":0.8685994561,"261":0.8636897824,"262":0.8650980963,"263":0.8699397824,"264":0.8651029526,"265":0.8616113054,"266":0.8212801088,"267":0.8692744755,"268":0.8776272339,"269":0.8762237762,"270":0.8692890443,"271":0.8623008936,"272":0.8602418415,"273":0.8699494949,"274":0.8651029526,"275":0.8616113054,"276":0.8212801088,"277":0.8734508547,"278":0.8783216783,"279":0.8769327894,"280":0.8678807304,"281":0.8581245144,"282":0.8567550505,"283":0.8692501943,"284":0.8651029526,"285":0.8616113054,"286":0.8212801088,"287":0.8755244755,"288":0.8762140637,"289":0.869284188,"290":0.8588432401,"291":0.8532731158,"292":0.8588480963,"293":0.8692501943,"294":0.8651029526,"295":0.8616113054,"296":0.8212801088,"297":0.8776126651,"298":0.8734314297,"299":0.866501554,"300":0.8504710567,"301":0.8525786713,"302":0.8581536519,"303":0.8692501943,"304":0.8651029526,"305":0.8616113054,"306":0.8212801088,"307":0.8790064103,"308":0.8713480963,"309":0.8678952991,"310":0.8469794095,"311":0.8525835276,"312":0.8588529526,"313":0.8692501943,"314":0.8651029526,"315":0.8616113054,"316":0.8212801088,"317":0.8797008547,"318":0.8713578089,"319":0.8671959984,"320":0.8497766123,"321":0.8525835276,"322":0.8588529526,"323":0.8692501943,"324":0.8651029526,"325":0.8616113054,"326":0.8212801088,"327":0.8748203186,"328":0.8658022533,"329":0.8616161616,"330":0.8421182984,"331":0.8511946387,"332":0.8588529526,"333":0.8692501943,"334":0.8651029526,"335":0.8616113054,"336":0.8212801088,"337":0.8748251748,"338":0.8637140637,"339":0.8497863248,"340":0.8365627428,"341":0.8498106061,"342":0.8588529526,"343":0.8692501943,"344":0.8651029526,"345":0.8616113054,"346":0.8212801088},"train_accuracy":{"0":0.4933544783,"1":0.7510437242,"2":0.8041264404,"3":0.8870342478,"4":0.9059651615,"5":0.9315390308,"6":0.9500076981,"7":0.9631428094,"8":0.9729554881,"9":0.9801413712,"10":0.8031218633,"11":0.8389742381,"12":0.8691085079,"13":0.9015612897,"14":0.9196415294,"15":0.9331635765,"16":0.9491575612,"17":0.9663106228,"18":0.9823058607,"19":0.9916552189,"20":0.995054991,"21":0.9978365847,"22":0.9989956019,"23":0.9998454405,"24":1.0,"25":1.0,"26":1.0,"27":1.0,"28":1.0,"29":0.8933704117,"30":0.9541024509,"31":0.9854739129,"32":0.9977594243,"33":1.0,"34":1.0,"35":1.0,"36":1.0,"37":1.0,"38":0.8189616466,"39":0.8260703097,"40":0.8329470141,"41":0.8529590089,"42":0.8388959439,"43":0.8569773173,"44":0.8281564453,"45":0.8511824697,"46":0.8551997637,"47":0.8578276333,"48":0.8511052497,"49":0.851181873,"50":0.855431782,"51":0.8543506412,"52":0.8561271804,"53":0.8532683666,"54":0.864549659,"55":0.8603775071,"56":0.8651679567,"57":0.8208162413,"58":0.8206619802,"59":0.819580362,"60":0.8188849039,"61":0.8187304637,"62":0.818653184,"63":0.818653184,"64":0.818653184,"65":0.818653184,"66":0.818653184,"67":0.5194714542,"68":0.8132441384,"69":0.8252975121,"70":0.820507361,"71":0.5194714542,"72":0.8150984347,"73":0.8307060803,"74":0.830011219,"75":0.5194714542,"76":0.8166434927,"77":0.834723971,"78":0.8376603629,"79":0.5194714542,"80":0.8155619342,"81":0.8388186044,"82":0.8419873727,"83":0.5194714542,"84":0.8158708742,"85":0.8434549719,"86":0.8470871799,"87":0.5194714542,"88":0.8155619939,"89":0.8458505845,"90":0.8541952463,"91":0.5194714542,"92":0.8150212146,"93":0.851490992,"94":0.8597586127,"95":0.5194714542,"96":0.8141711374,"97":0.8525730875,"98":0.8629265454,"99":0.5194714542,"100":0.8140165182,"101":0.8562046392,"102":0.8661716386,"103":0.5194714542,"104":0.8137846789,"105":0.8576727158,"106":0.869494489,"107":0.5194714542,"108":0.8133210004,"109":0.8608405889,"110":0.8728171006,"111":0.5194714542,"112":0.81355278,"113":0.8635450222,"114":0.8775303301,"115":0.5194714542,"116":0.8133209407,"117":0.8670994134,"118":0.8818574591,"119":0.5194714542,"120":0.8133209407,"121":0.8690312282,"122":0.8877301833,"123":0.5194714542,"124":0.8133209407,"125":0.8695718881,"126":0.8946841675,"127":0.5194714542,"128":0.8133209407,"129":0.8701901261,"130":0.899165677,"131":0.5194714542,"132":0.813243661,"133":0.871581102,"134":0.9031060493,"135":0.5194714542,"136":0.8133209407,"137":0.8731266373,"138":0.9059648034,"139":0.5194714542,"140":0.8135526606,"141":0.8735130958,"142":0.9108328311,"143":0.5194714542,"144":0.8136299404,"145":0.8735129168,"146":0.9119919677,"147":0.8746716953,"148":0.8803896212,"149":0.8917477756,"150":0.9010199734,"151":0.9116057479,"152":0.9264414315,"153":0.9451400285,"154":0.9631434062,"155":0.9789831297,"156":0.9909597011,"157":0.8768353494,"158":0.8857984878,"159":0.8971568212,"160":0.9068920411,"161":0.9214959451,"162":0.9388041033,"163":0.9575026406,"164":0.973728763,"165":0.9870189708,"166":0.9959047699,"167":0.8803895616,"168":0.8909752764,"169":0.9007883132,"170":0.9137695213,"171":0.9295322636,"172":0.9527122508,"173":0.9695566111,"174":0.9809921049,"175":0.994205033,"176":0.9979138644,"177":0.8830939352,"178":0.8949161858,"179":0.9048833046,"180":0.9222687426,"181":0.9445219099,"182":0.9635296856,"183":0.9762014764,"184":0.9896461841,"185":0.996600228,"186":0.9989182625,"187":0.8878075227,"188":0.8982386781,"189":0.9103696896,"190":0.9312319407,"191":0.9547982073,"192":0.9711790086,"193":0.9813781456,"194":0.9941277533,"195":0.9976819655,"196":1.0,"197":0.8908982354,"198":0.9008658316,"199":0.9197964469,"200":0.9414311375,"201":0.9622159298,"202":0.9765876961,"203":0.9886415473,"204":0.996677448,"205":0.9994591611,"206":1.0,"207":0.8952251258,"208":0.9051153229,"209":0.9284504664,"210":0.9512439355,"211":0.9673928377,"212":0.9807600866,"213":0.9931232358,"214":0.9977592452,"215":1.0,"216":1.0,"217":0.8982385587,"218":0.9154690195,"219":0.9370270867,"220":0.9579661998,"221":0.9730336629,"222":0.9845461381,"223":0.9956729903,"224":0.9994591611,"225":1.0,"226":1.0,"227":0.9014837116,"228":0.9232734987,"229":0.9442129699,"230":0.9630659474,"231":0.9779783736,"232":0.9903415228,"233":0.9979137451,"234":1.0,"235":1.0,"236":1.0,"237":0.9066603212,"238":0.9318500594,"239":0.9510894953,"240":0.9677793559,"241":0.9820734844,"242":0.9933550154,"243":0.9989182625,"244":1.0,"245":1.0,"246":1.0,"247":0.9145416624,"248":0.9391131626,"249":0.9568071825,"250":0.9714884856,"251":0.9857823158,"252":0.9965228289,"253":0.9994591611,"254":1.0,"255":1.0,"256":1.0,"257":0.9235823193,"258":0.9439041492,"259":0.9619069301,"260":0.9759696371,"261":0.9897232251,"262":0.9983001438,"263":0.9999227799,"264":1.0,"265":1.0,"266":1.0,"267":0.9303051208,"268":0.9503942759,"269":0.9662341189,"270":0.980141968,"271":0.9923503786,"272":0.9991501017,"273":1.0,"274":1.0,"275":1.0,"276":1.0,"277":0.9380315445,"278":0.9540258275,"279":0.968784112,"280":0.984468918,"281":0.99567305,"282":0.9994591611,"283":1.0,"284":1.0,"285":1.0,"286":1.0,"287":0.9441361078,"288":0.9601299732,"289":0.9729565622,"290":0.98810041,"291":0.9978365847,"292":0.9997682801,"293":1.0,"294":1.0,"295":1.0,"296":1.0,"297":0.9481535212,"298":0.9631434658,"299":0.9783650707,"300":0.9908051416,"301":0.9991501017,"302":1.0,"303":1.0,"304":1.0,"305":1.0,"306":1.0,"307":0.9531762277,"308":0.9663114583,"309":0.9816873243,"310":0.9929684973,"311":0.9994591611,"312":1.0,"313":1.0,"314":1.0,"315":1.0,"316":1.0,"317":0.9558803626,"318":0.9697112303,"319":0.9864777142,"320":0.9960592697,"321":0.9996910003,"322":1.0,"323":1.0,"324":1.0,"325":1.0,"326":1.0,"327":0.9601298539,"328":0.9738835015,"329":0.9889504276,"330":0.9986865426,"331":1.0,"332":1.0,"333":1.0,"334":1.0,"335":1.0,"336":1.0,"337":0.9637615845,"338":0.9771287141,"339":0.9906504628,"340":0.9995364408,"341":1.0,"342":1.0,"343":1.0,"344":1.0,"345":1.0,"346":1.0},"params":{"0":{"Dummy__random_state":23,"Dummy__strategy":"stratified"},"1":{"Tree__max_depth":1,"Tree__random_state":23},"2":{"Tree__max_depth":2,"Tree__random_state":23},"3":{"Tree__max_depth":3,"Tree__random_state":23},"4":{"Tree__max_depth":4,"Tree__random_state":23},"5":{"Tree__max_depth":5,"Tree__random_state":23},"6":{"Tree__max_depth":6,"Tree__random_state":23},"7":{"Tree__max_depth":7,"Tree__random_state":23},"8":{"Tree__max_depth":8,"Tree__random_state":23},"9":{"Tree__max_depth":9,"Tree__random_state":23},"10":{"Forest__max_depth":1,"Forest__random_state":23},"11":{"Forest__max_depth":2,"Forest__random_state":23},"12":{"Forest__max_depth":3,"Forest__random_state":23},"13":{"Forest__max_depth":4,"Forest__random_state":23},"14":{"Forest__max_depth":5,"Forest__random_state":23},"15":{"Forest__max_depth":6,"Forest__random_state":23},"16":{"Forest__max_depth":7,"Forest__random_state":23},"17":{"Forest__max_depth":8,"Forest__random_state":23},"18":{"Forest__max_depth":9,"Forest__random_state":23},"19":{"Forest__max_depth":10,"Forest__random_state":23},"20":{"Forest__max_depth":11,"Forest__random_state":23},"21":{"Forest__max_depth":12,"Forest__random_state":23},"22":{"Forest__max_depth":13,"Forest__random_state":23},"23":{"Forest__max_depth":14,"Forest__random_state":23},"24":{"Forest__max_depth":15,"Forest__random_state":23},"25":{"Forest__max_depth":16,"Forest__random_state":23},"26":{"Forest__max_depth":17,"Forest__random_state":23},"27":{"Forest__max_depth":18,"Forest__random_state":23},"28":{"Forest__max_depth":19,"Forest__random_state":23},"29":{"GradientBoost__max_depth":1,"GradientBoost__random_state":23},"30":{"GradientBoost__max_depth":2,"GradientBoost__random_state":23},"31":{"GradientBoost__max_depth":3,"GradientBoost__random_state":23},"32":{"GradientBoost__max_depth":4,"GradientBoost__random_state":23},"33":{"GradientBoost__max_depth":5,"GradientBoost__random_state":23},"34":{"GradientBoost__max_depth":6,"GradientBoost__random_state":23},"35":{"GradientBoost__max_depth":7,"GradientBoost__random_state":23},"36":{"GradientBoost__max_depth":8,"GradientBoost__random_state":23},"37":{"GradientBoost__max_depth":9,"GradientBoost__random_state":23},"38":{"MLP__hidden_layer_sizes":1,"MLP__random_state":23},"39":{"MLP__hidden_layer_sizes":2,"MLP__random_state":23},"40":{"MLP__hidden_layer_sizes":3,"MLP__random_state":23},"41":{"MLP__hidden_layer_sizes":4,"MLP__random_state":23},"42":{"MLP__hidden_layer_sizes":5,"MLP__random_state":23},"43":{"MLP__hidden_layer_sizes":6,"MLP__random_state":23},"44":{"MLP__hidden_layer_sizes":7,"MLP__random_state":23},"45":{"MLP__hidden_layer_sizes":8,"MLP__random_state":23},"46":{"MLP__hidden_layer_sizes":9,"MLP__random_state":23},"47":{"MLP__hidden_layer_sizes":10,"MLP__random_state":23},"48":{"MLP__hidden_layer_sizes":11,"MLP__random_state":23},"49":{"MLP__hidden_layer_sizes":12,"MLP__random_state":23},"50":{"MLP__hidden_layer_sizes":13,"MLP__random_state":23},"51":{"MLP__hidden_layer_sizes":14,"MLP__random_state":23},"52":{"MLP__hidden_layer_sizes":15,"MLP__random_state":23},"53":{"MLP__hidden_layer_sizes":16,"MLP__random_state":23},"54":{"MLP__hidden_layer_sizes":17,"MLP__random_state":23},"55":{"MLP__hidden_layer_sizes":18,"MLP__random_state":23},"56":{"MLP__hidden_layer_sizes":19,"MLP__random_state":23},"57":{"Logistic__C":1.0,"Logistic__random_state":23},"58":{"Logistic__C":2.7825594022,"Logistic__random_state":23},"59":{"Logistic__C":7.7426368268,"Logistic__random_state":23},"60":{"Logistic__C":21.5443469003,"Logistic__random_state":23},"61":{"Logistic__C":59.9484250319,"Logistic__random_state":23},"62":{"Logistic__C":166.81005372,"Logistic__random_state":23},"63":{"Logistic__C":464.1588833613,"Logistic__random_state":23},"64":{"Logistic__C":1291.5496650149,"Logistic__random_state":23},"65":{"Logistic__C":3593.8136638046,"Logistic__random_state":23},"66":{"Logistic__C":10000.0,"Logistic__random_state":23},"67":{"Poly_SVM__C":1.0,"Poly_SVM__degree":0,"Poly_SVM__kernel":"poly","Poly_SVM__random_state":23},"68":{"Poly_SVM__C":1.0,"Poly_SVM__degree":1,"Poly_SVM__kernel":"poly","Poly_SVM__random_state":23},"69":{"Poly_SVM__C":1.0,"Poly_SVM__degree":2,"Poly_SVM__kernel":"poly","Poly_SVM__random_state":23},"70":{"Poly_SVM__C":1.0,"Poly_SVM__degree":3,"Poly_SVM__kernel":"poly","Poly_SVM__random_state":23},"71":{"Poly_SVM__C":1.6237767392,"Poly_SVM__degree":0,"Poly_SVM__kernel":"poly","Poly_SVM__random_state":23},"72":{"Poly_SVM__C":1.6237767392,"Poly_SVM__degree":1,"Poly_SVM__kernel":"poly","Poly_SVM__random_state":23},"73":{"Poly_SVM__C":1.6237767392,"Poly_SVM__degree":2,"Poly_SVM__kernel":"poly","Poly_SVM__random_state":23},"74":{"Poly_SVM__C":1.6237767392,"Poly_SVM__degree":3,"Poly_SVM__kernel":"poly","Poly_SVM__random_state":23},"75":{"Poly_SVM__C":2.6366508987,"Poly_SVM__degree":0,"Poly_SVM__kernel":"poly","Poly_SVM__random_state":23},"76":{"Poly_SVM__C":2.6366508987,"Poly_SVM__degree":1,"Poly_SVM__kernel":"poly","Poly_SVM__random_state":23},"77":{"Poly_SVM__C":2.6366508987,"Poly_SVM__degree":2,"Poly_SVM__kernel":"poly","Poly_SVM__random_state":23},"78":{"Poly_SVM__C":2.6366508987,"Poly_SVM__degree":3,"Poly_SVM__kernel":"poly","Poly_SVM__random_state":23},"79":{"Poly_SVM__C":4.2813323987,"Poly_SVM__degree":0,"Poly_SVM__kernel":"poly","Poly_SVM__random_state":23},"80":{"Poly_SVM__C":4.2813323987,"Poly_SVM__degree":1,"Poly_SVM__kernel":"poly","Poly_SVM__random_state":23},"81":{"Poly_SVM__C":4.2813323987,"Poly_SVM__degree":2,"Poly_SVM__kernel":"poly","Poly_SVM__random_state":23},"82":{"Poly_SVM__C":4.2813323987,"Poly_SVM__degree":3,"Poly_SVM__kernel":"poly","Poly_SVM__random_state":23},"83":{"Poly_SVM__C":6.9519279618,"Poly_SVM__degree":0,"Poly_SVM__kernel":"poly","Poly_SVM__random_state":23},"84":{"Poly_SVM__C":6.9519279618,"Poly_SVM__degree":1,"Poly_SVM__kernel":"poly","Poly_SVM__random_state":23},"85":{"Poly_SVM__C":6.9519279618,"Poly_SVM__degree":2,"Poly_SVM__kernel":"poly","Poly_SVM__random_state":23},"86":{"Poly_SVM__C":6.9519279618,"Poly_SVM__degree":3,"Poly_SVM__kernel":"poly","Poly_SVM__random_state":23},"87":{"Poly_SVM__C":11.2883789168,"Poly_SVM__degree":0,"Poly_SVM__kernel":"poly","Poly_SVM__random_state":23},"88":{"Poly_SVM__C":11.2883789168,"Poly_SVM__degree":1,"Poly_SVM__kernel":"poly","Poly_SVM__random_state":23},"89":{"Poly_SVM__C":11.2883789168,"Poly_SVM__degree":2,"Poly_SVM__kernel":"poly","Poly_SVM__random_state":23},"90":{"Poly_SVM__C":11.2883789168,"Poly_SVM__degree":3,"Poly_SVM__kernel":"poly","Poly_SVM__random_state":23},"91":{"Poly_SVM__C":18.3298071083,"Poly_SVM__degree":0,"Poly_SVM__kernel":"poly","Poly_SVM__random_state":23},"92":{"Poly_SVM__C":18.3298071083,"Poly_SVM__degree":1,"Poly_SVM__kernel":"poly","Poly_SVM__random_state":23},"93":{"Poly_SVM__C":18.3298071083,"Poly_SVM__degree":2,"Poly_SVM__kernel":"poly","Poly_SVM__random_state":23},"94":{"Poly_SVM__C":18.3298071083,"Poly_SVM__degree":3,"Poly_SVM__kernel":"poly","Poly_SVM__random_state":23},"95":{"Poly_SVM__C":29.7635144163,"Poly_SVM__degree":0,"Poly_SVM__kernel":"poly","Poly_SVM__random_state":23},"96":{"Poly_SVM__C":29.7635144163,"Poly_SVM__degree":1,"Poly_SVM__kernel":"poly","Poly_SVM__random_state":23},"97":{"Poly_SVM__C":29.7635144163,"Poly_SVM__degree":2,"Poly_SVM__kernel":"poly","Poly_SVM__random_state":23},"98":{"Poly_SVM__C":29.7635144163,"Poly_SVM__degree":3,"Poly_SVM__kernel":"poly","Poly_SVM__random_state":23},"99":{"Poly_SVM__C":48.3293023857,"Poly_SVM__degree":0,"Poly_SVM__kernel":"poly","Poly_SVM__random_state":23},"100":{"Poly_SVM__C":48.3293023857,"Poly_SVM__degree":1,"Poly_SVM__kernel":"poly","Poly_SVM__random_state":23},"101":{"Poly_SVM__C":48.3293023857,"Poly_SVM__degree":2,"Poly_SVM__kernel":"poly","Poly_SVM__random_state":23},"102":{"Poly_SVM__C":48.3293023857,"Poly_SVM__degree":3,"Poly_SVM__kernel":"poly","Poly_SVM__random_state":23},"103":{"Poly_SVM__C":78.4759970351,"Poly_SVM__degree":0,"Poly_SVM__kernel":"poly","Poly_SVM__random_state":23},"104":{"Poly_SVM__C":78.4759970351,"Poly_SVM__degree":1,"Poly_SVM__kernel":"poly","Poly_SVM__random_state":23},"105":{"Poly_SVM__C":78.4759970351,"Poly_SVM__degree":2,"Poly_SVM__kernel":"poly","Poly_SVM__random_state":23},"106":{"Poly_SVM__C":78.4759970351,"Poly_SVM__degree":3,"Poly_SVM__kernel":"poly","Poly_SVM__random_state":23},"107":{"Poly_SVM__C":127.4274985703,"Poly_SVM__degree":0,"Poly_SVM__kernel":"poly","Poly_SVM__random_state":23},"108":{"Poly_SVM__C":127.4274985703,"Poly_SVM__degree":1,"Poly_SVM__kernel":"poly","Poly_SVM__random_state":23},"109":{"Poly_SVM__C":127.4274985703,"Poly_SVM__degree":2,"Poly_SVM__kernel":"poly","Poly_SVM__random_state":23},"110":{"Poly_SVM__C":127.4274985703,"Poly_SVM__degree":3,"Poly_SVM__kernel":"poly","Poly_SVM__random_state":23},"111":{"Poly_SVM__C":206.9138081115,"Poly_SVM__degree":0,"Poly_SVM__kernel":"poly","Poly_SVM__random_state":23},"112":{"Poly_SVM__C":206.9138081115,"Poly_SVM__degree":1,"Poly_SVM__kernel":"poly","Poly_SVM__random_state":23},"113":{"Poly_SVM__C":206.9138081115,"Poly_SVM__degree":2,"Poly_SVM__kernel":"poly","Poly_SVM__random_state":23},"114":{"Poly_SVM__C":206.9138081115,"Poly_SVM__degree":3,"Poly_SVM__kernel":"poly","Poly_SVM__random_state":23},"115":{"Poly_SVM__C":335.9818286284,"Poly_SVM__degree":0,"Poly_SVM__kernel":"poly","Poly_SVM__random_state":23},"116":{"Poly_SVM__C":335.9818286284,"Poly_SVM__degree":1,"Poly_SVM__kernel":"poly","Poly_SVM__random_state":23},"117":{"Poly_SVM__C":335.9818286284,"Poly_SVM__degree":2,"Poly_SVM__kernel":"poly","Poly_SVM__random_state":23},"118":{"Poly_SVM__C":335.9818286284,"Poly_SVM__degree":3,"Poly_SVM__kernel":"poly","Poly_SVM__random_state":23},"119":{"Poly_SVM__C":545.5594781169,"Poly_SVM__degree":0,"Poly_SVM__kernel":"poly","Poly_SVM__random_state":23},"120":{"Poly_SVM__C":545.5594781169,"Poly_SVM__degree":1,"Poly_SVM__kernel":"poly","Poly_SVM__random_state":23},"121":{"Poly_SVM__C":545.5594781169,"Poly_SVM__degree":2,"Poly_SVM__kernel":"poly","Poly_SVM__random_state":23},"122":{"Poly_SVM__C":545.5594781169,"Poly_SVM__degree":3,"Poly_SVM__kernel":"poly","Poly_SVM__random_state":23},"123":{"Poly_SVM__C":885.8667904101,"Poly_SVM__degree":0,"Poly_SVM__kernel":"poly","Poly_SVM__random_state":23},"124":{"Poly_SVM__C":885.8667904101,"Poly_SVM__degree":1,"Poly_SVM__kernel":"poly","Poly_SVM__random_state":23},"125":{"Poly_SVM__C":885.8667904101,"Poly_SVM__degree":2,"Poly_SVM__kernel":"poly","Poly_SVM__random_state":23},"126":{"Poly_SVM__C":885.8667904101,"Poly_SVM__degree":3,"Poly_SVM__kernel":"poly","Poly_SVM__random_state":23},"127":{"Poly_SVM__C":1438.4498882877,"Poly_SVM__degree":0,"Poly_SVM__kernel":"poly","Poly_SVM__random_state":23},"128":{"Poly_SVM__C":1438.4498882877,"Poly_SVM__degree":1,"Poly_SVM__kernel":"poly","Poly_SVM__random_state":23},"129":{"Poly_SVM__C":1438.4498882877,"Poly_SVM__degree":2,"Poly_SVM__kernel":"poly","Poly_SVM__random_state":23},"130":{"Poly_SVM__C":1438.4498882877,"Poly_SVM__degree":3,"Poly_SVM__kernel":"poly","Poly_SVM__random_state":23},"131":{"Poly_SVM__C":2335.7214690901,"Poly_SVM__degree":0,"Poly_SVM__kernel":"poly","Poly_SVM__random_state":23},"132":{"Poly_SVM__C":2335.7214690901,"Poly_SVM__degree":1,"Poly_SVM__kernel":"poly","Poly_SVM__random_state":23},"133":{"Poly_SVM__C":2335.7214690901,"Poly_SVM__degree":2,"Poly_SVM__kernel":"poly","Poly_SVM__random_state":23},"134":{"Poly_SVM__C":2335.7214690901,"Poly_SVM__degree":3,"Poly_SVM__kernel":"poly","Poly_SVM__random_state":23},"135":{"Poly_SVM__C":3792.6901907322,"Poly_SVM__degree":0,"Poly_SVM__kernel":"poly","Poly_SVM__random_state":23},"136":{"Poly_SVM__C":3792.6901907322,"Poly_SVM__degree":1,"Poly_SVM__kernel":"poly","Poly_SVM__random_state":23},"137":{"Poly_SVM__C":3792.6901907322,"Poly_SVM__degree":2,"Poly_SVM__kernel":"poly","Poly_SVM__random_state":23},"138":{"Poly_SVM__C":3792.6901907322,"Poly_SVM__degree":3,"Poly_SVM__kernel":"poly","Poly_SVM__random_state":23},"139":{"Poly_SVM__C":6158.4821106603,"Poly_SVM__degree":0,"Poly_SVM__kernel":"poly","Poly_SVM__random_state":23},"140":{"Poly_SVM__C":6158.4821106603,"Poly_SVM__degree":1,"Poly_SVM__kernel":"poly","Poly_SVM__random_state":23},"141":{"Poly_SVM__C":6158.4821106603,"Poly_SVM__degree":2,"Poly_SVM__kernel":"poly","Poly_SVM__random_state":23},"142":{"Poly_SVM__C":6158.4821106603,"Poly_SVM__degree":3,"Poly_SVM__kernel":"poly","Poly_SVM__random_state":23},"143":{"Poly_SVM__C":10000.0,"Poly_SVM__degree":0,"Poly_SVM__kernel":"poly","Poly_SVM__random_state":23},"144":{"Poly_SVM__C":10000.0,"Poly_SVM__degree":1,"Poly_SVM__kernel":"poly","Poly_SVM__random_state":23},"145":{"Poly_SVM__C":10000.0,"Poly_SVM__degree":2,"Poly_SVM__kernel":"poly","Poly_SVM__random_state":23},"146":{"Poly_SVM__C":10000.0,"Poly_SVM__degree":3,"Poly_SVM__kernel":"poly","Poly_SVM__random_state":23},"147":{"SVM__C":1.0,"SVM__gamma":0.1,"SVM__kernel":"rbf","SVM__random_state":23},"148":{"SVM__C":1.0,"SVM__gamma":0.1668100537,"SVM__kernel":"rbf","SVM__random_state":23},"149":{"SVM__C":1.0,"SVM__gamma":0.2782559402,"SVM__kernel":"rbf","SVM__random_state":23},"150":{"SVM__C":1.0,"SVM__gamma":0.4641588834,"SVM__kernel":"rbf","SVM__random_state":23},"151":{"SVM__C":1.0,"SVM__gamma":0.7742636827,"SVM__kernel":"rbf","SVM__random_state":23},"152":{"SVM__C":1.0,"SVM__gamma":1.291549665,"SVM__kernel":"rbf","SVM__random_state":23},"153":{"SVM__C":1.0,"SVM__gamma":2.15443469,"SVM__kernel":"rbf","SVM__random_state":23},"154":{"SVM__C":1.0,"SVM__gamma":3.5938136638,"SVM__kernel":"rbf","SVM__random_state":23},"155":{"SVM__C":1.0,"SVM__gamma":5.9948425032,"SVM__kernel":"rbf","SVM__random_state":23},"156":{"SVM__C":1.0,"SVM__gamma":10.0,"SVM__kernel":"rbf","SVM__random_state":23},"157":{"SVM__C":1.6237767392,"SVM__gamma":0.1,"SVM__kernel":"rbf","SVM__random_state":23},"158":{"SVM__C":1.6237767392,"SVM__gamma":0.1668100537,"SVM__kernel":"rbf","SVM__random_state":23},"159":{"SVM__C":1.6237767392,"SVM__gamma":0.2782559402,"SVM__kernel":"rbf","SVM__random_state":23},"160":{"SVM__C":1.6237767392,"SVM__gamma":0.4641588834,"SVM__kernel":"rbf","SVM__random_state":23},"161":{"SVM__C":1.6237767392,"SVM__gamma":0.7742636827,"SVM__kernel":"rbf","SVM__random_state":23},"162":{"SVM__C":1.6237767392,"SVM__gamma":1.291549665,"SVM__kernel":"rbf","SVM__random_state":23},"163":{"SVM__C":1.6237767392,"SVM__gamma":2.15443469,"SVM__kernel":"rbf","SVM__random_state":23},"164":{"SVM__C":1.6237767392,"SVM__gamma":3.5938136638,"SVM__kernel":"rbf","SVM__random_state":23},"165":{"SVM__C":1.6237767392,"SVM__gamma":5.9948425032,"SVM__kernel":"rbf","SVM__random_state":23},"166":{"SVM__C":1.6237767392,"SVM__gamma":10.0,"SVM__kernel":"rbf","SVM__random_state":23},"167":{"SVM__C":2.6366508987,"SVM__gamma":0.1,"SVM__kernel":"rbf","SVM__random_state":23},"168":{"SVM__C":2.6366508987,"SVM__gamma":0.1668100537,"SVM__kernel":"rbf","SVM__random_state":23},"169":{"SVM__C":2.6366508987,"SVM__gamma":0.2782559402,"SVM__kernel":"rbf","SVM__random_state":23},"170":{"SVM__C":2.6366508987,"SVM__gamma":0.4641588834,"SVM__kernel":"rbf","SVM__random_state":23},"171":{"SVM__C":2.6366508987,"SVM__gamma":0.7742636827,"SVM__kernel":"rbf","SVM__random_state":23},"172":{"SVM__C":2.6366508987,"SVM__gamma":1.291549665,"SVM__kernel":"rbf","SVM__random_state":23},"173":{"SVM__C":2.6366508987,"SVM__gamma":2.15443469,"SVM__kernel":"rbf","SVM__random_state":23},"174":{"SVM__C":2.6366508987,"SVM__gamma":3.5938136638,"SVM__kernel":"rbf","SVM__random_state":23},"175":{"SVM__C":2.6366508987,"SVM__gamma":5.9948425032,"SVM__kernel":"rbf","SVM__random_state":23},"176":{"SVM__C":2.6366508987,"SVM__gamma":10.0,"SVM__kernel":"rbf","SVM__random_state":23},"177":{"SVM__C":4.2813323987,"SVM__gamma":0.1,"SVM__kernel":"rbf","SVM__random_state":23},"178":{"SVM__C":4.2813323987,"SVM__gamma":0.1668100537,"SVM__kernel":"rbf","SVM__random_state":23},"179":{"SVM__C":4.2813323987,"SVM__gamma":0.2782559402,"SVM__kernel":"rbf","SVM__random_state":23},"180":{"SVM__C":4.2813323987,"SVM__gamma":0.4641588834,"SVM__kernel":"rbf","SVM__random_state":23},"181":{"SVM__C":4.2813323987,"SVM__gamma":0.7742636827,"SVM__kernel":"rbf","SVM__random_state":23},"182":{"SVM__C":4.2813323987,"SVM__gamma":1.291549665,"SVM__kernel":"rbf","SVM__random_state":23},"183":{"SVM__C":4.2813323987,"SVM__gamma":2.15443469,"SVM__kernel":"rbf","SVM__random_state":23},"184":{"SVM__C":4.2813323987,"SVM__gamma":3.5938136638,"SVM__kernel":"rbf","SVM__random_state":23},"185":{"SVM__C":4.2813323987,"SVM__gamma":5.9948425032,"SVM__kernel":"rbf","SVM__random_state":23},"186":{"SVM__C":4.2813323987,"SVM__gamma":10.0,"SVM__kernel":"rbf","SVM__random_state":23},"187":{"SVM__C":6.9519279618,"SVM__gamma":0.1,"SVM__kernel":"rbf","SVM__random_state":23},"188":{"SVM__C":6.9519279618,"SVM__gamma":0.1668100537,"SVM__kernel":"rbf","SVM__random_state":23},"189":{"SVM__C":6.9519279618,"SVM__gamma":0.2782559402,"SVM__kernel":"rbf","SVM__random_state":23},"190":{"SVM__C":6.9519279618,"SVM__gamma":0.4641588834,"SVM__kernel":"rbf","SVM__random_state":23},"191":{"SVM__C":6.9519279618,"SVM__gamma":0.7742636827,"SVM__kernel":"rbf","SVM__random_state":23},"192":{"SVM__C":6.9519279618,"SVM__gamma":1.291549665,"SVM__kernel":"rbf","SVM__random_state":23},"193":{"SVM__C":6.9519279618,"SVM__gamma":2.15443469,"SVM__kernel":"rbf","SVM__random_state":23},"194":{"SVM__C":6.9519279618,"SVM__gamma":3.5938136638,"SVM__kernel":"rbf","SVM__random_state":23},"195":{"SVM__C":6.9519279618,"SVM__gamma":5.9948425032,"SVM__kernel":"rbf","SVM__random_state":23},"196":{"SVM__C":6.9519279618,"SVM__gamma":10.0,"SVM__kernel":"rbf","SVM__random_state":23},"197":{"SVM__C":11.2883789168,"SVM__gamma":0.1,"SVM__kernel":"rbf","SVM__random_state":23},"198":{"SVM__C":11.2883789168,"SVM__gamma":0.1668100537,"SVM__kernel":"rbf","SVM__random_state":23},"199":{"SVM__C":11.2883789168,"SVM__gamma":0.2782559402,"SVM__kernel":"rbf","SVM__random_state":23},"200":{"SVM__C":11.2883789168,"SVM__gamma":0.4641588834,"SVM__kernel":"rbf","SVM__random_state":23},"201":{"SVM__C":11.2883789168,"SVM__gamma":0.7742636827,"SVM__kernel":"rbf","SVM__random_state":23},"202":{"SVM__C":11.2883789168,"SVM__gamma":1.291549665,"SVM__kernel":"rbf","SVM__random_state":23},"203":{"SVM__C":11.2883789168,"SVM__gamma":2.15443469,"SVM__kernel":"rbf","SVM__random_state":23},"204":{"SVM__C":11.2883789168,"SVM__gamma":3.5938136638,"SVM__kernel":"rbf","SVM__random_state":23},"205":{"SVM__C":11.2883789168,"SVM__gamma":5.9948425032,"SVM__kernel":"rbf","SVM__random_state":23},"206":{"SVM__C":11.2883789168,"SVM__gamma":10.0,"SVM__kernel":"rbf","SVM__random_state":23},"207":{"SVM__C":18.3298071083,"SVM__gamma":0.1,"SVM__kernel":"rbf","SVM__random_state":23},"208":{"SVM__C":18.3298071083,"SVM__gamma":0.1668100537,"SVM__kernel":"rbf","SVM__random_state":23},"209":{"SVM__C":18.3298071083,"SVM__gamma":0.2782559402,"SVM__kernel":"rbf","SVM__random_state":23},"210":{"SVM__C":18.3298071083,"SVM__gamma":0.4641588834,"SVM__kernel":"rbf","SVM__random_state":23},"211":{"SVM__C":18.3298071083,"SVM__gamma":0.7742636827,"SVM__kernel":"rbf","SVM__random_state":23},"212":{"SVM__C":18.3298071083,"SVM__gamma":1.291549665,"SVM__kernel":"rbf","SVM__random_state":23},"213":{"SVM__C":18.3298071083,"SVM__gamma":2.15443469,"SVM__kernel":"rbf","SVM__random_state":23},"214":{"SVM__C":18.3298071083,"SVM__gamma":3.5938136638,"SVM__kernel":"rbf","SVM__random_state":23},"215":{"SVM__C":18.3298071083,"SVM__gamma":5.9948425032,"SVM__kernel":"rbf","SVM__random_state":23},"216":{"SVM__C":18.3298071083,"SVM__gamma":10.0,"SVM__kernel":"rbf","SVM__random_state":23},"217":{"SVM__C":29.7635144163,"SVM__gamma":0.1,"SVM__kernel":"rbf","SVM__random_state":23},"218":{"SVM__C":29.7635144163,"SVM__gamma":0.1668100537,"SVM__kernel":"rbf","SVM__random_state":23},"219":{"SVM__C":29.7635144163,"SVM__gamma":0.2782559402,"SVM__kernel":"rbf","SVM__random_state":23},"220":{"SVM__C":29.7635144163,"SVM__gamma":0.4641588834,"SVM__kernel":"rbf","SVM__random_state":23},"221":{"SVM__C":29.7635144163,"SVM__gamma":0.7742636827,"SVM__kernel":"rbf","SVM__random_state":23},"222":{"SVM__C":29.7635144163,"SVM__gamma":1.291549665,"SVM__kernel":"rbf","SVM__random_state":23},"223":{"SVM__C":29.7635144163,"SVM__gamma":2.15443469,"SVM__kernel":"rbf","SVM__random_state":23},"224":{"SVM__C":29.7635144163,"SVM__gamma":3.5938136638,"SVM__kernel":"rbf","SVM__random_state":23},"225":{"SVM__C":29.7635144163,"SVM__gamma":5.9948425032,"SVM__kernel":"rbf","SVM__random_state":23},"226":{"SVM__C":29.7635144163,"SVM__gamma":10.0,"SVM__kernel":"rbf","SVM__random_state":23},"227":{"SVM__C":48.3293023857,"SVM__gamma":0.1,"SVM__kernel":"rbf","SVM__random_state":23},"228":{"SVM__C":48.3293023857,"SVM__gamma":0.1668100537,"SVM__kernel":"rbf","SVM__random_state":23},"229":{"SVM__C":48.3293023857,"SVM__gamma":0.2782559402,"SVM__kernel":"rbf","SVM__random_state":23},"230":{"SVM__C":48.3293023857,"SVM__gamma":0.4641588834,"SVM__kernel":"rbf","SVM__random_state":23},"231":{"SVM__C":48.3293023857,"SVM__gamma":0.7742636827,"SVM__kernel":"rbf","SVM__random_state":23},"232":{"SVM__C":48.3293023857,"SVM__gamma":1.291549665,"SVM__kernel":"rbf","SVM__random_state":23},"233":{"SVM__C":48.3293023857,"SVM__gamma":2.15443469,"SVM__kernel":"rbf","SVM__random_state":23},"234":{"SVM__C":48.3293023857,"SVM__gamma":3.5938136638,"SVM__kernel":"rbf","SVM__random_state":23},"235":{"SVM__C":48.3293023857,"SVM__gamma":5.9948425032,"SVM__kernel":"rbf","SVM__random_state":23},"236":{"SVM__C":48.3293023857,"SVM__gamma":10.0,"SVM__kernel":"rbf","SVM__random_state":23},"237":{"SVM__C":78.4759970351,"SVM__gamma":0.1,"SVM__kernel":"rbf","SVM__random_state":23},"238":{"SVM__C":78.4759970351,"SVM__gamma":0.1668100537,"SVM__kernel":"rbf","SVM__random_state":23},"239":{"SVM__C":78.4759970351,"SVM__gamma":0.2782559402,"SVM__kernel":"rbf","SVM__random_state":23},"240":{"SVM__C":78.4759970351,"SVM__gamma":0.4641588834,"SVM__kernel":"rbf","SVM__random_state":23},"241":{"SVM__C":78.4759970351,"SVM__gamma":0.7742636827,"SVM__kernel":"rbf","SVM__random_state":23},"242":{"SVM__C":78.4759970351,"SVM__gamma":1.291549665,"SVM__kernel":"rbf","SVM__random_state":23},"243":{"SVM__C":78.4759970351,"SVM__gamma":2.15443469,"SVM__kernel":"rbf","SVM__random_state":23},"244":{"SVM__C":78.4759970351,"SVM__gamma":3.5938136638,"SVM__kernel":"rbf","SVM__random_state":23},"245":{"SVM__C":78.4759970351,"SVM__gamma":5.9948425032,"SVM__kernel":"rbf","SVM__random_state":23},"246":{"SVM__C":78.4759970351,"SVM__gamma":10.0,"SVM__kernel":"rbf","SVM__random_state":23},"247":{"SVM__C":127.4274985703,"SVM__gamma":0.1,"SVM__kernel":"rbf","SVM__random_state":23},"248":{"SVM__C":127.4274985703,"SVM__gamma":0.1668100537,"SVM__kernel":"rbf","SVM__random_state":23},"249":{"SVM__C":127.4274985703,"SVM__gamma":0.2782559402,"SVM__kernel":"rbf","SVM__random_state":23},"250":{"SVM__C":127.4274985703,"SVM__gamma":0.4641588834,"SVM__kernel":"rbf","SVM__random_state":23},"251":{"SVM__C":127.4274985703,"SVM__gamma":0.7742636827,"SVM__kernel":"rbf","SVM__random_state":23},"252":{"SVM__C":127.4274985703,"SVM__gamma":1.291549665,"SVM__kernel":"rbf","SVM__random_state":23},"253":{"SVM__C":127.4274985703,"SVM__gamma":2.15443469,"SVM__kernel":"rbf","SVM__random_state":23},"254":{"SVM__C":127.4274985703,"SVM__gamma":3.5938136638,"SVM__kernel":"rbf","SVM__random_state":23},"255":{"SVM__C":127.4274985703,"SVM__gamma":5.9948425032,"SVM__kernel":"rbf","SVM__random_state":23},"256":{"SVM__C":127.4274985703,"SVM__gamma":10.0,"SVM__kernel":"rbf","SVM__random_state":23},"257":{"SVM__C":206.9138081115,"SVM__gamma":0.1,"SVM__kernel":"rbf","SVM__random_state":23},"258":{"SVM__C":206.9138081115,"SVM__gamma":0.1668100537,"SVM__kernel":"rbf","SVM__random_state":23},"259":{"SVM__C":206.9138081115,"SVM__gamma":0.2782559402,"SVM__kernel":"rbf","SVM__random_state":23},"260":{"SVM__C":206.9138081115,"SVM__gamma":0.4641588834,"SVM__kernel":"rbf","SVM__random_state":23},"261":{"SVM__C":206.9138081115,"SVM__gamma":0.7742636827,"SVM__kernel":"rbf","SVM__random_state":23},"262":{"SVM__C":206.9138081115,"SVM__gamma":1.291549665,"SVM__kernel":"rbf","SVM__random_state":23},"263":{"SVM__C":206.9138081115,"SVM__gamma":2.15443469,"SVM__kernel":"rbf","SVM__random_state":23},"264":{"SVM__C":206.9138081115,"SVM__gamma":3.5938136638,"SVM__kernel":"rbf","SVM__random_state":23},"265":{"SVM__C":206.9138081115,"SVM__gamma":5.9948425032,"SVM__kernel":"rbf","SVM__random_state":23},"266":{"SVM__C":206.9138081115,"SVM__gamma":10.0,"SVM__kernel":"rbf","SVM__random_state":23},"267":{"SVM__C":335.9818286284,"SVM__gamma":0.1,"SVM__kernel":"rbf","SVM__random_state":23},"268":{"SVM__C":335.9818286284,"SVM__gamma":0.1668100537,"SVM__kernel":"rbf","SVM__random_state":23},"269":{"SVM__C":335.9818286284,"SVM__gamma":0.2782559402,"SVM__kernel":"rbf","SVM__random_state":23},"270":{"SVM__C":335.9818286284,"SVM__gamma":0.4641588834,"SVM__kernel":"rbf","SVM__random_state":23},"271":{"SVM__C":335.9818286284,"SVM__gamma":0.7742636827,"SVM__kernel":"rbf","SVM__random_state":23},"272":{"SVM__C":335.9818286284,"SVM__gamma":1.291549665,"SVM__kernel":"rbf","SVM__random_state":23},"273":{"SVM__C":335.9818286284,"SVM__gamma":2.15443469,"SVM__kernel":"rbf","SVM__random_state":23},"274":{"SVM__C":335.9818286284,"SVM__gamma":3.5938136638,"SVM__kernel":"rbf","SVM__random_state":23},"275":{"SVM__C":335.9818286284,"SVM__gamma":5.9948425032,"SVM__kernel":"rbf","SVM__random_state":23},"276":{"SVM__C":335.9818286284,"SVM__gamma":10.0,"SVM__kernel":"rbf","SVM__random_state":23},"277":{"SVM__C":545.5594781169,"SVM__gamma":0.1,"SVM__kernel":"rbf","SVM__random_state":23},"278":{"SVM__C":545.5594781169,"SVM__gamma":0.1668100537,"SVM__kernel":"rbf","SVM__random_state":23},"279":{"SVM__C":545.5594781169,"SVM__gamma":0.2782559402,"SVM__kernel":"rbf","SVM__random_state":23},"280":{"SVM__C":545.5594781169,"SVM__gamma":0.4641588834,"SVM__kernel":"rbf","SVM__random_state":23},"281":{"SVM__C":545.5594781169,"SVM__gamma":0.7742636827,"SVM__kernel":"rbf","SVM__random_state":23},"282":{"SVM__C":545.5594781169,"SVM__gamma":1.291549665,"SVM__kernel":"rbf","SVM__random_state":23},"283":{"SVM__C":545.5594781169,"SVM__gamma":2.15443469,"SVM__kernel":"rbf","SVM__random_state":23},"284":{"SVM__C":545.5594781169,"SVM__gamma":3.5938136638,"SVM__kernel":"rbf","SVM__random_state":23},"285":{"SVM__C":545.5594781169,"SVM__gamma":5.9948425032,"SVM__kernel":"rbf","SVM__random_state":23},"286":{"SVM__C":545.5594781169,"SVM__gamma":10.0,"SVM__kernel":"rbf","SVM__random_state":23},"287":{"SVM__C":885.8667904101,"SVM__gamma":0.1,"SVM__kernel":"rbf","SVM__random_state":23},"288":{"SVM__C":885.8667904101,"SVM__gamma":0.1668100537,"SVM__kernel":"rbf","SVM__random_state":23},"289":{"SVM__C":885.8667904101,"SVM__gamma":0.2782559402,"SVM__kernel":"rbf","SVM__random_state":23},"290":{"SVM__C":885.8667904101,"SVM__gamma":0.4641588834,"SVM__kernel":"rbf","SVM__random_state":23},"291":{"SVM__C":885.8667904101,"SVM__gamma":0.7742636827,"SVM__kernel":"rbf","SVM__random_state":23},"292":{"SVM__C":885.8667904101,"SVM__gamma":1.291549665,"SVM__kernel":"rbf","SVM__random_state":23},"293":{"SVM__C":885.8667904101,"SVM__gamma":2.15443469,"SVM__kernel":"rbf","SVM__random_state":23},"294":{"SVM__C":885.8667904101,"SVM__gamma":3.5938136638,"SVM__kernel":"rbf","SVM__random_state":23},"295":{"SVM__C":885.8667904101,"SVM__gamma":5.9948425032,"SVM__kernel":"rbf","SVM__random_state":23},"296":{"SVM__C":885.8667904101,"SVM__gamma":10.0,"SVM__kernel":"rbf","SVM__random_state":23},"297":{"SVM__C":1438.4498882877,"SVM__gamma":0.1,"SVM__kernel":"rbf","SVM__random_state":23},"298":{"SVM__C":1438.4498882877,"SVM__gamma":0.1668100537,"SVM__kernel":"rbf","SVM__random_state":23},"299":{"SVM__C":1438.4498882877,"SVM__gamma":0.2782559402,"SVM__kernel":"rbf","SVM__random_state":23},"300":{"SVM__C":1438.4498882877,"SVM__gamma":0.4641588834,"SVM__kernel":"rbf","SVM__random_state":23},"301":{"SVM__C":1438.4498882877,"SVM__gamma":0.7742636827,"SVM__kernel":"rbf","SVM__random_state":23},"302":{"SVM__C":1438.4498882877,"SVM__gamma":1.291549665,"SVM__kernel":"rbf","SVM__random_state":23},"303":{"SVM__C":1438.4498882877,"SVM__gamma":2.15443469,"SVM__kernel":"rbf","SVM__random_state":23},"304":{"SVM__C":1438.4498882877,"SVM__gamma":3.5938136638,"SVM__kernel":"rbf","SVM__random_state":23},"305":{"SVM__C":1438.4498882877,"SVM__gamma":5.9948425032,"SVM__kernel":"rbf","SVM__random_state":23},"306":{"SVM__C":1438.4498882877,"SVM__gamma":10.0,"SVM__kernel":"rbf","SVM__random_state":23},"307":{"SVM__C":2335.7214690901,"SVM__gamma":0.1,"SVM__kernel":"rbf","SVM__random_state":23},"308":{"SVM__C":2335.7214690901,"SVM__gamma":0.1668100537,"SVM__kernel":"rbf","SVM__random_state":23},"309":{"SVM__C":2335.7214690901,"SVM__gamma":0.2782559402,"SVM__kernel":"rbf","SVM__random_state":23},"310":{"SVM__C":2335.7214690901,"SVM__gamma":0.4641588834,"SVM__kernel":"rbf","SVM__random_state":23},"311":{"SVM__C":2335.7214690901,"SVM__gamma":0.7742636827,"SVM__kernel":"rbf","SVM__random_state":23},"312":{"SVM__C":2335.7214690901,"SVM__gamma":1.291549665,"SVM__kernel":"rbf","SVM__random_state":23},"313":{"SVM__C":2335.7214690901,"SVM__gamma":2.15443469,"SVM__kernel":"rbf","SVM__random_state":23},"314":{"SVM__C":2335.7214690901,"SVM__gamma":3.5938136638,"SVM__kernel":"rbf","SVM__random_state":23},"315":{"SVM__C":2335.7214690901,"SVM__gamma":5.9948425032,"SVM__kernel":"rbf","SVM__random_state":23},"316":{"SVM__C":2335.7214690901,"SVM__gamma":10.0,"SVM__kernel":"rbf","SVM__random_state":23},"317":{"SVM__C":3792.6901907322,"SVM__gamma":0.1,"SVM__kernel":"rbf","SVM__random_state":23},"318":{"SVM__C":3792.6901907322,"SVM__gamma":0.1668100537,"SVM__kernel":"rbf","SVM__random_state":23},"319":{"SVM__C":3792.6901907322,"SVM__gamma":0.2782559402,"SVM__kernel":"rbf","SVM__random_state":23},"320":{"SVM__C":3792.6901907322,"SVM__gamma":0.4641588834,"SVM__kernel":"rbf","SVM__random_state":23},"321":{"SVM__C":3792.6901907322,"SVM__gamma":0.7742636827,"SVM__kernel":"rbf","SVM__random_state":23},"322":{"SVM__C":3792.6901907322,"SVM__gamma":1.291549665,"SVM__kernel":"rbf","SVM__random_state":23},"323":{"SVM__C":3792.6901907322,"SVM__gamma":2.15443469,"SVM__kernel":"rbf","SVM__random_state":23},"324":{"SVM__C":3792.6901907322,"SVM__gamma":3.5938136638,"SVM__kernel":"rbf","SVM__random_state":23},"325":{"SVM__C":3792.6901907322,"SVM__gamma":5.9948425032,"SVM__kernel":"rbf","SVM__random_state":23},"326":{"SVM__C":3792.6901907322,"SVM__gamma":10.0,"SVM__kernel":"rbf","SVM__random_state":23},"327":{"SVM__C":6158.4821106603,"SVM__gamma":0.1,"SVM__kernel":"rbf","SVM__random_state":23},"328":{"SVM__C":6158.4821106603,"SVM__gamma":0.1668100537,"SVM__kernel":"rbf","SVM__random_state":23},"329":{"SVM__C":6158.4821106603,"SVM__gamma":0.2782559402,"SVM__kernel":"rbf","SVM__random_state":23},"330":{"SVM__C":6158.4821106603,"SVM__gamma":0.4641588834,"SVM__kernel":"rbf","SVM__random_state":23},"331":{"SVM__C":6158.4821106603,"SVM__gamma":0.7742636827,"SVM__kernel":"rbf","SVM__random_state":23},"332":{"SVM__C":6158.4821106603,"SVM__gamma":1.291549665,"SVM__kernel":"rbf","SVM__random_state":23},"333":{"SVM__C":6158.4821106603,"SVM__gamma":2.15443469,"SVM__kernel":"rbf","SVM__random_state":23},"334":{"SVM__C":6158.4821106603,"SVM__gamma":3.5938136638,"SVM__kernel":"rbf","SVM__random_state":23},"335":{"SVM__C":6158.4821106603,"SVM__gamma":5.9948425032,"SVM__kernel":"rbf","SVM__random_state":23},"336":{"SVM__C":6158.4821106603,"SVM__gamma":10.0,"SVM__kernel":"rbf","SVM__random_state":23},"337":{"SVM__C":10000.0,"SVM__gamma":0.1,"SVM__kernel":"rbf","SVM__random_state":23},"338":{"SVM__C":10000.0,"SVM__gamma":0.1668100537,"SVM__kernel":"rbf","SVM__random_state":23},"339":{"SVM__C":10000.0,"SVM__gamma":0.2782559402,"SVM__kernel":"rbf","SVM__random_state":23},"340":{"SVM__C":10000.0,"SVM__gamma":0.4641588834,"SVM__kernel":"rbf","SVM__random_state":23},"341":{"SVM__C":10000.0,"SVM__gamma":0.7742636827,"SVM__kernel":"rbf","SVM__random_state":23},"342":{"SVM__C":10000.0,"SVM__gamma":1.291549665,"SVM__kernel":"rbf","SVM__random_state":23},"343":{"SVM__C":10000.0,"SVM__gamma":2.15443469,"SVM__kernel":"rbf","SVM__random_state":23},"344":{"SVM__C":10000.0,"SVM__gamma":3.5938136638,"SVM__kernel":"rbf","SVM__random_state":23},"345":{"SVM__C":10000.0,"SVM__gamma":5.9948425032,"SVM__kernel":"rbf","SVM__random_state":23},"346":{"SVM__C":10000.0,"SVM__gamma":10.0,"SVM__kernel":"rbf","SVM__random_state":23}}}