{"algorithm":{"0":"Dummy","1":"Tree","2":"Forest","3":"GradientBoost","4":"MLP","5":"Logistic","6":"Poly_SVM","7":"SVM"},"train_f1":{"0":"0.450","1":"0.972","2":"1.000","3":"1.000","4":"0.852","5":"0.805","6":"0.861","7":"0.972"},"test_f1":{"0":"0.470","1":"0.933","2":"0.936","3":"0.963","4":"0.843","5":"0.797","6":"0.846","7":"0.881"},"train_precision":{"0":"0.470","1":"0.966","2":"1.000","3":"1.000","4":"0.898","5":"0.834","6":"0.910","7":"0.982"},"test_precision":{"0":"0.482","1":"0.932","2":"0.957","3":"0.970","4":"0.887","5":"0.823","6":"0.897","7":"0.884"},"train_recall":{"0":"0.431","1":"0.978","2":"1.000","3":"1.000","4":"0.810","5":"0.778","6":"0.817","7":"0.961"},"test_recall":{"0":"0.459","1":"0.935","2":"0.916","3":"0.957","4":"0.805","5":"0.774","6":"0.802","7":"0.878"},"train_accuracy":{"0":"0.493","1":"0.973","2":"1.000","3":"1.000","4":"0.865","5":"0.819","6":"0.873","7":"0.973"},"test_accuracy":{"0":"0.503","1":"0.935","2":"0.939","3":"0.965","4":"0.856","5":"0.811","6":"0.860","7":"0.886"},"params":{"0":{"Dummy__random_state":23,"Dummy__strategy":"stratified"},"1":{"Tree__max_depth":8,"Tree__random_state":23},"2":{"Forest__max_depth":16,"Forest__random_state":23},"3":{"GradientBoost__max_depth":5,"GradientBoost__random_state":23},"4":{"MLP__hidden_layer_sizes":17,"MLP__random_state":23},"5":{"Logistic__C":21.5443469003,"Logistic__random_state":23},"6":{"Poly_SVM__C":3792.6901907322,"Poly_SVM__degree":2,"Poly_SVM__kernel":"poly","Poly_SVM__random_state":23},"7":{"SVM__C":29.7635144163,"SVM__gamma":0.7742636827,"SVM__kernel":"rbf","SVM__random_state":23}}}