{"algorithm":{"0":"Dummy","1":"Tree","2":"Forest","3":"GradientBoost","4":"MLP","5":"Logistic","6":"SVM"},"train_f1":{"0":"0.580","1":"0.972","2":"1.000","3":"0.999","4":"0.808","5":"0.836","6":"0.976"},"test_f1":{"0":"0.582","1":"0.852","2":"0.902","3":"0.911","4":"0.803","5":"0.832","6":"0.938"},"train_precision":{"0":"0.555","1":"0.974","2":"1.000","3":"0.998","4":"0.732","5":"0.783","6":"0.975"},"test_precision":{"0":"0.589","1":"0.843","2":"0.898","3":"0.904","4":"0.724","5":"0.779","6":"0.938"},"train_recall":{"0":"0.609","1":"0.969","2":"1.000","3":"1.000","4":"0.901","5":"0.898","6":"0.977"},"test_recall":{"0":"0.575","1":"0.862","2":"0.907","3":"0.919","4":"0.902","5":"0.894","6":"0.940"},"params":{"0":{"Dummy__random_state":23,"Dummy__strategy":"stratified"},"1":{"Tree__max_depth":8,"Tree__random_state":23},"2":{"Forest__max_depth":14,"Forest__random_state":23},"3":{"GradientBoost__max_depth":4,"GradientBoost__random_state":23},"4":{"MLP__hidden_layer_sizes":2,"MLP__random_state":23},"5":{"Logistic__C":59.9484250319,"Logistic__random_state":23},"6":{"SVM__C":545.5594781169,"SVM__gamma":0.1668100537,"SVM__kernel":"rbf","SVM__random_state":23}}}