{"algorithm":{"0":"Dummy","1":"Tree","2":"Forest","3":"GradientBoost","4":"MLP","5":"Logistic","6":"SVM"},"train_f1":{"0":"0.580","1":"0.937","2":"0.984","3":"1.000","4":"0.919","5":"0.921","6":"0.987"},"test_f1":{"0":"0.582","1":"0.936","2":"0.950","3":"0.946","4":"0.914","5":"0.918","6":"0.940"},"train_precision":{"0":"0.555","1":"0.910","2":"0.979","3":"1.000","4":"0.924","5":"0.926","6":"0.982"},"test_precision":{"0":"0.589","1":"0.912","2":"0.943","3":"0.940","4":"0.918","5":"0.923","6":"0.930"},"train_recall":{"0":"0.609","1":"0.966","2":"0.990","3":"1.000","4":"0.914","5":"0.916","6":"0.992"},"test_recall":{"0":"0.575","1":"0.964","2":"0.960","3":"0.953","4":"0.913","5":"0.915","6":"0.951"},"params":{"0":{"Dummy__random_state":23,"Dummy__strategy":"stratified"},"1":{"Tree__max_depth":2,"Tree__random_state":23},"2":{"Forest__max_depth":5,"Forest__random_state":23},"3":{"GradientBoost__max_depth":6,"GradientBoost__random_state":23},"4":{"MLP__hidden_layer_sizes":1,"MLP__random_state":23},"5":{"Logistic__C":59.9484250319,"Logistic__random_state":23},"6":{"SVM__C":29.7635144163,"SVM__gamma":0.4641588834,"SVM__kernel":"rbf","SVM__random_state":23}}}