Tender,Bid,Competitors,Bid_value,Difference Bid/PTE,Date,Site,Brazilian State,Collusive_competitor,Pre-Tender Estimate (PTE),Number_bids,Winner,CV,SPD,DIFFP,RD,KURT,SKEW,KSTEST,Collusive_competitor_original
1,1,216,107807690.49,0.06878733584587193,1274918400,7,1,0,100869169.08,11,1.0,0.2363,1.2746,0.0817,0.2978,0.7286,0.4923,0.2805,0
1,2,210,116619983.74,0.15615093098970534,1274918400,7,1,0,100869169.08,11,0.0,0.2363,1.2746,0.0817,0.2978,0.7286,0.4923,0.2805,0
1,3,76,129950000.0,0.2883024732456734,1274918400,7,1,0,100869169.08,11,0.0,0.2363,1.2746,0.0817,0.2978,0.7286,0.4923,0.2805,0
1,4,72,150358226.95,0.49062620740684304,1274918400,7,1,0,100869169.08,11,0.0,0.2363,1.2746,0.0817,0.2978,0.7286,0.4923,0.2805,0
1,5,53,157831420.93,0.5647141973066405,1274918400,7,1,0,100869169.08,11,0.0,0.2363,1.2746,0.0817,0.2978,0.7286,0.4923,0.2805,0
1,6,230,167597129.07,0.661529787531784,1274918400,7,1,0,100869169.08,11,0.0,0.2363,1.2746,0.0817,0.2978,0.7286,0.4923,0.2805,0
1,7,50,174390179.87,0.7288749521837541,1274918400,7,1,0,100869169.08,11,0.0,0.2363,1.2746,0.0817,0.2978,0.7286,0.4923,0.2805,0
1,8,75,181365000.0,0.7980221474428746,1274918400,7,1,0,100869169.08,11,0.0,0.2363,1.2746,0.0817,0.2978,0.7286,0.4923,0.2805,0
1,9,78,181700527.75,0.801348513200224,1274918400,7,1,0,100869169.08,11,0.0,0.2363,1.2746,0.0817,0.2978,0.7286,0.4923,0.2805,0
1,10,80,194974613.79,0.9329455726493032,1274918400,7,1,0,100869169.08,11,0.0,0.2363,1.2746,0.0817,0.2978,0.7286,0.4923,0.2805,0
1,11,52,245224367.72,1.4311131930264138,1274918400,7,1,0,100869169.08,11,0.0,0.2363,1.2746,0.0817,0.2978,0.7286,0.4923,0.2805,0
2,12,1,93354790.62,-0.10840460229096804,1232409600,11,8,0,104705330.31,4,1.0,0.0932,0.2373,0.1165,1.1331,-0.6638,-0.8518,0.3639,0
2,13,12,104231102.75,-0.004529163497177913,1232409600,11,8,0,104705330.31,4,0.0,0.0932,0.2373,0.1165,1.1331,-0.6638,-0.8518,0.3639,0
2,14,7,112493190.56,0.07437883273891188,1232409600,11,8,0,104705330.31,4,0.0,0.0932,0.2373,0.1165,1.1331,-0.6638,-0.8518,0.3639,0
2,15,8,115507668.06,0.10316893818125239,1232409600,11,8,0,104705330.31,4,0.0,0.0932,0.2373,0.1165,1.1331,-0.6638,-0.8518,0.3639,0
3,16,79,117491879.01,0.055285755820371874,1241654400,0,8,0,111336553.5,6,1.0,0.1795,0.5257,0.0769,0.3903,-2.2615,0.3137,0.3342,0
3,17,17,126530000.0,0.13646413530067902,1241654400,0,8,0,111336553.5,6,0.0,0.1795,0.5257,0.0769,0.3903,-2.2615,0.3137,0.3342,0
3,18,27,127730159.48,0.14724369908524482,1241654400,0,8,0,111336553.5,6,0.0,0.1795,0.5257,0.0769,0.3903,-2.2615,0.3137,0.3342,0
3,19,22,152915561.29,0.3734533401996192,1241654400,0,8,0,111336553.5,6,0.0,0.1795,0.5257,0.0769,0.3903,-2.2615,0.3137,0.3342,0
3,20,1,173756939.95,0.560645937823194,1241654400,0,8,0,111336553.5,6,0.0,0.1795,0.5257,0.0769,0.3903,-2.2615,0.3137,0.3342,0
3,21,2,179252288.15,0.6100039251802569,1241654400,0,8,0,111336553.5,6,0.0,0.1795,0.5257,0.0769,0.3903,-2.2615,0.3137,0.3342,0
4,22,76,113899060.03,-0.08949166246782037,1146096000,10,9,0,125093923.18,3,1.0,0.0696,0.1442,0.0437,1.4142,0.0,1.076,0.3635,0
4,23,71,118878232.17,-0.049688193095168476,1146096000,10,9,0,125093923.18,3,0.0,0.0696,0.1442,0.0437,1.4142,0.0,1.076,0.3635,0
4,24,12,130320585.42,0.041781903605975,1146096000,10,9,0,125093923.18,3,0.0,0.0696,0.1442,0.0437,1.4142,0.0,1.076,0.3635,0
5,25,75,122065699.04,-0.05825990341661458,1010620800,17,10,0,129617183.64,7,1.0,0.0485,0.1684,0.0579,1.438,0.8422,0.0853,0.2088,0
5,26,72,129130399.67,-0.0037555512033959904,1010620800,17,10,0,129617183.64,7,0.0,0.0485,0.1684,0.0579,1.438,0.8422,0.0853,0.2088,0
5,27,76,129992101.66,0.002892502440427158,1010620800,17,10,0,129617183.64,7,0.0,0.0485,0.1684,0.0579,1.438,0.8422,0.0853,0.2088,0
5,28,68,131030194.19,0.010901413765666224,1010620800,17,10,0,129617183.64,7,0.0,0.0485,0.1684,0.0579,1.438,0.8422,0.0853,0.2088,0
5,29,69,135317265.54,0.0439762826187573,1010620800,17,10,0,129617183.64,7,0.0,0.0485,0.1684,0.0579,1.438,0.8422,0.0853,0.2088,0
5,30,70,135391893.34,0.044552038069572086,1010620800,17,10,0,129617183.64,7,0.0,0.0485,0.1684,0.0579,1.438,0.8422,0.0853,0.2088,0
5,31,59,142619975.54,0.10031688341658507,1010620800,17,10,0,129617183.64,7,0.0,0.0485,0.1684,0.0579,1.438,0.8422,0.0853,0.2088,0
6,32,76,115920000.0,-0.16756990735476826,1213228800,12,10,0,139254936.87,7,1.0,0.2263,1.0248,0.3442,1.0523,-0.6139,-0.4164,0.2505,0
6,33,132,155820265.46,0.1189568496624604,1213228800,12,10,0,139254936.87,7,0.0,0.2263,1.0248,0.3442,1.0523,-0.6139,-0.4164,0.2505,0
6,34,116,164756860.21,0.1831311974512405,1213228800,12,10,0,139254936.87,7,0.0,0.2263,1.0248,0.3442,1.0523,-0.6139,-0.4164,0.2505,0
6,35,37,180513402.02,0.2962800894342182,1213228800,12,10,0,139254936.87,7,0.0,0.2263,1.0248,0.3442,1.0523,-0.6139,-0.4164,0.2505,0
6,36,40,213553286.17,0.5335419409177603,1213228800,12,10,0,139254936.87,7,0.0,0.2263,1.0248,0.3442,1.0523,-0.6139,-0.4164,0.2505,0
6,37,142,216353249.05,0.5536486814250208,1213228800,12,10,0,139254936.87,7,0.0,0.2263,1.0248,0.3442,1.0523,-0.6139,-0.4164,0.2505,0
6,38,72,234711776.0,0.6854826211232478,1213228800,12,10,0,139254936.87,7,0.0,0.2263,1.0248,0.3442,1.0523,-0.6139,-0.4164,0.2505,0
7,39,18,100930000.0,-0.3010962853541782,1274659200,4,8,0,144411880.9,6,1.0,0.1838,0.5547,0.0403,0.227,-1.5769,0.5585,0.3489,0
7,40,64,104998164.07,-0.2729257217921882,1274659200,4,8,0,144411880.9,6,0.0,0.1838,0.5547,0.0403,0.227,-1.5769,0.5585,0.3489,0
7,41,49,109386490.0,-0.24253815324414907,1274659200,4,8,0,144411880.9,6,0.0,0.1838,0.5547,0.0403,0.227,-1.5769,0.5585,0.3489,0
7,42,51,127368421.05,-0.11801978994929085,1274659200,4,8,0,144411880.9,6,0.0,0.1838,0.5547,0.0403,0.227,-1.5769,0.5585,0.3489,0
7,43,37,143779240.93,-0.004380802784765936,1274659200,4,8,0,144411880.9,6,0.0,0.1838,0.5547,0.0403,0.227,-1.5769,0.5585,0.3489,0
7,44,81,156914266.0,0.08657449111584836,1274659200,4,8,0,144411880.9,6,0.0,0.1838,0.5547,0.0403,0.227,-1.5769,0.5585,0.3489,0
8,45,51,123570859.77,-0.18814397524232496,1245283200,4,8,0,152207849.67,8,1.0,0.2374,1.0052,0.149,0.4656,-1.2403,-0.0656,0.2009,0
8,46,63,141984486.01,-0.06716712496868693,1245283200,4,8,0,152207849.67,8,0.0,0.2374,1.0052,0.149,0.4656,-1.2403,-0.0656,0.2009,0
8,47,47,150577316.66,-0.010712542181859463,1245283200,4,8,0,152207849.67,8,0.0,0.2374,1.0052,0.149,0.4656,-1.2403,-0.0656,0.2009,0
8,48,64,195104399.77,0.2818287637135899,1245283200,4,8,0,152207849.67,8,0.0,0.2374,1.0052,0.149,0.4656,-1.2403,-0.0656,0.2009,0
8,49,65,195747302.27,0.2860526096019187,1245283200,4,8,0,152207849.67,8,0.0,0.2374,1.0052,0.149,0.4656,-1.2403,-0.0656,0.2009,0
8,50,44,201164199.77,0.32164142786421124,1245283200,4,8,0,152207849.67,8,0.0,0.2374,1.0052,0.149,0.4656,-1.2403,-0.0656,0.2009,0
8,51,81,234823769.66,0.5427835697640995,1245283200,4,8,0,152207849.67,8,0.0,0.2374,1.0052,0.149,0.4656,-1.2403,-0.0656,0.2009,0
8,52,18,247782892.4,0.6279245317322013,1245283200,4,8,0,152207849.67,8,0.0,0.2374,1.0052,0.149,0.4656,-1.2403,-0.0656,0.2009,0
9,53,80,144495283.8,-0.06768610971145816,1367193600,4,8,0,154985660.2,5,1.0,0.1075,0.3107,0.0834,0.735,-1.4469,-0.4861,0.2884,0
9,54,217,156543767.59,0.010053235815425499,1367193600,4,8,0,154985660.2,5,0.0,0.1075,0.3107,0.0834,0.735,-1.4469,-0.4861,0.2884,0
9,55,77,175395585.16,0.1316891184233573,1367193600,4,8,0,154985660.2,5,0.0,0.1075,0.3107,0.0834,0.735,-1.4469,-0.4861,0.2884,0
9,56,76,179499999.99,0.15817166412922123,1367193600,4,8,0,154985660.2,5,0.0,0.1075,0.3107,0.0834,0.735,-1.4469,-0.4861,0.2884,0
9,57,165,189383430.62,0.22194163237819353,1367193600,4,8,0,154985660.2,5,0.0,0.1075,0.3107,0.0834,0.735,-1.4469,-0.4861,0.2884,0
10,58,60,136017446.14,-0.16519489483793026,-9223372037,16,7,0,162933174.82,4,1.0,0.1852,0.452,0.0479,1.6643,3.7729,1.9237,0.6358,0
10,59,17,142534983.58,-0.12519360322128892,-9223372037,16,7,0,162933174.82,4,0.0,0.1852,0.452,0.0479,1.6643,3.7729,1.9237,0.6358,0
10,60,8,143037701.42,-0.12210817976130084,-9223372037,16,7,0,162933174.82,4,0.0,0.1852,0.452,0.0479,1.6643,3.7729,1.9237,0.6358,0
10,61,27,197495110.18,0.21212337756372968,-9223372037,16,7,0,162933174.82,4,0.0,0.1852,0.452,0.0479,1.6643,3.7729,1.9237,0.6358,0
11,62,151,253918141.15,0.5241062351226868,1221782400,20,6,0,166601340.05,3,1.0,0.0405,0.0843,0.0478,1.4142,0.0,-0.3949,0.3333,0
11,63,206,266044908.89,0.5968953719709289,1221782400,20,6,0,166601340.05,3,0.0,0.0405,0.0843,0.0478,1.4142,0.0,-0.3949,0.3333,0
11,64,69,275323598.59,0.6525893399619145,1221782400,20,6,0,166601340.05,3,0.0,0.0405,0.0843,0.0478,1.4142,0.0,-0.3949,0.3333,0
12,65,29,162960573.7,-0.037994856218636575,1206576000,20,6,0,169396780.0,3,1.0,0.5974,1.933,0.2955,1.4142,0.0,1.5764,0.5138,0
12,66,9,211122088.49,0.24631701080740737,1206576000,20,6,0,169396780.0,3,0.0,0.5974,1.933,0.2955,1.4142,0.0,1.5764,0.5138,0
12,67,15,477956210.65,1.8215188662381894,1206576000,20,6,0,169396780.0,3,0.0,0.5974,1.933,0.2955,1.4142,0.0,1.5764,0.5138,0
13,68,71,239396998.8,0.39418861517356096,1201737600,23,8,0,171710625.23,4,1.0,0.1175,0.3023,0.1284,0.9706,-1.8968,-0.6303,0.3752,0
13,69,1,270141387.76,0.5732362944818101,1201737600,23,8,0,171710625.23,4,0.0,0.1175,0.3023,0.1284,0.9706,-1.8968,-0.6303,0.3752,0
13,70,70,302739790.52,0.7630812893173693,1201737600,23,8,0,171710625.23,4,0.0,0.1175,0.3023,0.1284,0.9706,-1.8968,-0.6303,0.3752,0
13,71,82,311774231.33,0.8156956269444013,1201737600,23,8,0,171710625.23,4,0.0,0.1175,0.3023,0.1284,0.9706,-1.8968,-0.6303,0.3752,0
14,72,5,143627656.39,-0.17009959730971425,1185408000,16,7,0,173066136.52,5,1.0,0.1852,0.6882,0.3008,1.6262,1.0925,-0.0274,0.237,0
14,73,28,186828442.94,0.0795205041074547,1185408000,16,7,0,173066136.52,5,0.0,0.1852,0.6882,0.3008,1.6262,1.0925,-0.0274,0.237,0
14,74,29,187576858.99,0.08384495523954283,1185408000,16,7,0,173066136.52,5,0.0,0.1852,0.6882,0.3008,1.6262,1.0925,-0.0274,0.237,0
14,75,81,206363856.39,0.19239881665788494,1185408000,16,7,0,173066136.52,5,0.0,0.1852,0.6882,0.3008,1.6262,1.0925,-0.0274,0.237,0
14,76,74,242474938.41,0.4010536277383121,1185408000,16,7,0,173066136.52,5,0.0,0.1852,0.6882,0.3008,1.6262,1.0925,-0.0274,0.237,0
15,77,49,215510024.51,0.15909614278018935,1323302400,29,0,0,185929377.69,7,1.0,0.16,0.469,0.0209,0.1136,-2.1835,0.0416,0.2639,0
15,78,40,220007626.52,0.183285983384609,1323302400,29,0,0,185929377.69,7,0.0,0.16,0.469,0.0209,0.1136,-2.1835,0.0416,0.2639,0
15,79,80,242038238.24,0.3017751215386215,1323302400,29,0,0,185929377.69,7,0.0,0.16,0.469,0.0209,0.1136,-2.1835,0.0416,0.2639,0
15,80,74,257588799.11,0.3854120435958095,1323302400,29,0,0,185929377.69,7,0.0,0.16,0.469,0.0209,0.1136,-2.1835,0.0416,0.2639,0
15,81,32,299940000.0,0.6131931582113392,1323302400,29,0,0,185929377.69,7,0.0,0.16,0.469,0.0209,0.1136,-2.1835,0.0416,0.2639,0
15,82,77,308814999.05,0.6609263306678044,1323302400,29,0,0,185929377.69,7,0.0,0.16,0.469,0.0209,0.1136,-2.1835,0.0416,0.2639,0
15,83,78,316583488.39,0.702708266564736,1323302400,29,0,0,185929377.69,7,0.0,0.16,0.469,0.0209,0.1136,-2.1835,0.0416,0.2639,0
16,84,26,112618008.88,-0.40016850438116747,1290643200,4,8,0,187749409.13,11,1.0,0.1626,0.713,0.1026,0.4792,-0.7693,-0.5835,0.2142,0
16,85,124,124176589.16,-0.33860463404165175,1290643200,4,8,0,187749409.13,11,0.0,0.1626,0.713,0.1026,0.4792,-0.7693,-0.5835,0.2142,0
16,86,17,130970000.0,-0.30242124006198723,1290643200,4,8,0,187749409.13,11,0.0,0.1626,0.713,0.1026,0.4792,-0.7693,-0.5835,0.2142,0
16,87,149,151715839.0,-0.19192374717435146,1290643200,4,8,0,187749409.13,11,0.0,0.1626,0.713,0.1026,0.4792,-0.7693,-0.5835,0.2142,0
16,88,127,155220000.0,-0.17325971506773818,1290643200,4,8,0,187749409.13,11,0.0,0.1626,0.713,0.1026,0.4792,-0.7693,-0.5835,0.2142,0
16,89,79,165855251.48,-0.11661372332117548,1290643200,4,8,0,187749409.13,11,0.0,0.1626,0.713,0.1026,0.4792,-0.7693,-0.5835,0.2142,0
16,90,175,169418843.09,-0.09763314901996678,1290643200,4,8,0,187749409.13,11,0.0,0.1626,0.713,0.1026,0.4792,-0.7693,-0.5835,0.2142,0
16,91,46,175230958.59,-0.06667637782727753,1290643200,4,8,0,187749409.13,11,0.0,0.1626,0.713,0.1026,0.4792,-0.7693,-0.5835,0.2142,0
16,92,117,178419793.84,-0.04969184900890977,1290643200,4,8,0,187749409.13,11,0.0,0.1626,0.713,0.1026,0.4792,-0.7693,-0.5835,0.2142,0
16,93,64,179923563.0,-0.04168240084623265,1290643200,4,8,0,187749409.13,11,0.0,0.1626,0.713,0.1026,0.4792,-0.7693,-0.5835,0.2142,0
16,94,67,192916900.65,0.02752334371620835,1290643200,4,8,0,187749409.13,11,0.0,0.1626,0.713,0.1026,0.4792,-0.7693,-0.5835,0.2142,0
17,95,217,216302605.39,0.10546980277737142,1197590400,12,10,0,195665774.72,4,1.0,0.0455,0.1111,0.0288,0.9072,-0.6725,0.4785,0.25,0
17,96,140,222538177.81,0.13733829091191205,1197590400,12,10,0,195665774.72,4,0.0,0.0455,0.1111,0.0288,0.9072,-0.6725,0.4785,0.25,0
17,97,156,230030880.74,0.17563166613669087,1197590400,12,10,0,195665774.72,4,0.0,0.0455,0.1111,0.0288,0.9072,-0.6725,0.4785,0.25,0
17,98,50,240327837.95,0.22825690028780926,1197590400,12,10,0,195665774.72,4,0.0,0.0455,0.1111,0.0288,0.9072,-0.6725,0.4785,0.25,0
18,99,43,169753000.0,-0.21125451598781708,1279756800,4,8,0,215218981.84,21,1.0,0.1971,0.9855,0.0597,0.2481,-0.6948,0.512,0.2072,0
18,100,33,179879777.0,-0.16420115241634303,1279756800,4,8,0,215218981.84,21,0.0,0.1971,0.9855,0.0597,0.2481,-0.6948,0.512,0.2072,0
18,101,79,188732553.14,-0.12306734505272765,1279756800,4,8,0,215218981.84,21,0.0,0.1971,0.9855,0.0597,0.2481,-0.6948,0.512,0.2072,0
18,102,2,189463674.81,-0.11967023916666997,1279756800,4,8,0,215218981.84,21,0.0,0.1971,0.9855,0.0597,0.2481,-0.6948,0.512,0.2072,0
18,103,35,194815000.0,-0.09480567961783648,1279756800,4,8,0,215218981.84,21,0.0,0.1971,0.9855,0.0597,0.2481,-0.6948,0.512,0.2072,0
18,104,83,196588000.0,-0.0865675586823973,1279756800,4,8,0,215218981.84,21,0.0,0.1971,0.9855,0.0597,0.2481,-0.6948,0.512,0.2072,0
18,105,80,197872645.77,-0.08059854164209257,1279756800,4,8,0,215218981.84,21,0.0,0.1971,0.9855,0.0597,0.2481,-0.6948,0.512,0.2072,0
18,106,78,199872531.61,-0.07130621146330385,1279756800,4,8,0,215218981.84,21,0.0,0.1971,0.9855,0.0597,0.2481,-0.6948,0.512,0.2072,0
18,107,64,206848732.39,-0.03889178072695609,1279756800,4,8,0,215218981.84,21,0.0,0.1971,0.9855,0.0597,0.2481,-0.6948,0.512,0.2072,0
18,108,67,216062807.4,0.003920776656342273,1279756800,4,8,0,215218981.84,21,0.0,0.1971,0.9855,0.0597,0.2481,-0.6948,0.512,0.2072,0
18,109,46,223674552.58,0.03928822015469868,1279756800,4,8,0,215218981.84,21,0.0,0.1971,0.9855,0.0597,0.2481,-0.6948,0.512,0.2072,0
18,110,77,231628395.86,0.07624519863307988,1279756800,4,8,0,215218981.84,21,0.0,0.1971,0.9855,0.0597,0.2481,-0.6948,0.512,0.2072,0
18,111,23,254470045.0,0.18237732947357022,1279756800,4,8,0,215218981.84,21,0.0,0.1971,0.9855,0.0597,0.2481,-0.6948,0.512,0.2072,0
18,112,44,259475000.0,0.20563250407392597,1279756800,4,8,0,215218981.84,21,0.0,0.1971,0.9855,0.0597,0.2481,-0.6948,0.512,0.2072,0
18,113,74,259752151.31,0.20692026832051114,1279756800,4,8,0,215218981.84,21,0.0,0.1971,0.9855,0.0597,0.2481,-0.6948,0.512,0.2072,0
18,114,81,272529435.78,0.2662890301312093,1279756800,4,8,0,215218981.84,21,0.0,0.1971,0.9855,0.0597,0.2481,-0.6948,0.512,0.2072,0
18,115,12,274887409.31,0.27724518980560564,1279756800,4,8,0,215218981.84,21,0.0,0.1971,0.9855,0.0597,0.2481,-0.6948,0.512,0.2072,0
18,116,21,283389801.36,0.31675096191413155,1279756800,4,8,0,215218981.84,21,0.0,0.1971,0.9855,0.0597,0.2481,-0.6948,0.512,0.2072,0
18,117,76,292800000.0,0.3604747940759052,1279756800,4,8,0,215218981.84,21,0.0,0.1971,0.9855,0.0597,0.2481,-0.6948,0.512,0.2072,0
18,118,1,294414766.93,0.36797769607922604,1279756800,4,8,0,215218981.84,21,0.0,0.1971,0.9855,0.0597,0.2481,-0.6948,0.512,0.2072,0
18,119,50,337050826.31,0.5660831745806385,1279756800,4,8,0,215218981.84,21,0.0,0.1971,0.9855,0.0597,0.2481,-0.6948,0.512,0.2072,0
19,120,41,188334000.0,-0.1618634065547247,1320883200,4,8,0,224705616.57,13,1.0,0.1175,0.5378,0.0529,0.6991,5.1369,1.9702,0.4601,0
19,121,241,198296156.51,-0.11752914975212897,1320883200,4,8,0,224705616.57,13,0.0,0.1175,0.5378,0.0529,0.6991,5.1369,1.9702,0.4601,0
19,122,2,198719425.22,-0.1156454909613032,1320883200,4,8,0,224705616.57,13,0.0,0.1175,0.5378,0.0529,0.6991,5.1369,1.9702,0.4601,0
19,123,46,199594367.0,-0.11175176639244071,1320883200,4,8,0,224705616.57,13,0.0,0.1175,0.5378,0.0529,0.6991,5.1369,1.9702,0.4601,0
19,124,50,207991540.68,-0.07438210110245838,1320883200,4,8,0,224705616.57,13,0.0,0.1175,0.5378,0.0529,0.6991,5.1369,1.9702,0.4601,0
19,125,135,208192000.0,-0.07349000359702043,1320883200,4,8,0,224705616.57,13,0.0,0.1175,0.5378,0.0529,0.6991,5.1369,1.9702,0.4601,0
19,126,160,213227535.35,-0.05108052658053771,1320883200,4,8,0,224705616.57,13,0.0,0.1175,0.5378,0.0529,0.6991,5.1369,1.9702,0.4601,0
19,127,12,214913042.53,-0.0435795695251321,1320883200,4,8,0,224705616.57,13,0.0,0.1175,0.5378,0.0529,0.6991,5.1369,1.9702,0.4601,0
19,128,67,219233199.64,-0.024353716714042378,1320883200,4,8,0,224705616.57,13,0.0,0.1175,0.5378,0.0529,0.6991,5.1369,1.9702,0.4601,0
19,129,131,224668381.7,-0.0001657051148448059,1320883200,4,8,0,224705616.57,13,0.0,0.1175,0.5378,0.0529,0.6991,5.1369,1.9702,0.4601,0
19,130,118,231088000.0,0.028403310640042572,1320883200,4,8,0,224705616.57,13,0.0,0.1175,0.5378,0.0529,0.6991,5.1369,1.9702,0.4601,0
19,131,83,235228240.0,0.046828484265866194,1320883200,4,8,0,224705616.57,13,0.0,0.1175,0.5378,0.0529,0.6991,5.1369,1.9702,0.4601,0
19,132,81,289622163.47,0.2888959692726564,1320883200,4,8,0,224705616.57,13,0.0,0.1175,0.5378,0.0529,0.6991,5.1369,1.9702,0.4601,0
20,133,46,157943573.48,-0.3077698093791013,1305158400,4,8,0,228166259.75,11,1.0,0.2798,1.3986,0.0554,0.1593,0.3134,0.8373,0.3022,0
20,134,26,166700455.74,-0.2693904176601203,1305158400,4,8,0,228166259.75,11,0.0,0.2798,1.3986,0.0554,0.1593,0.3134,0.8373,0.3022,0
20,135,18,190792496.31,-0.16380057016734262,1305158400,4,8,0,228166259.75,11,0.0,0.2798,1.3986,0.0554,0.1593,0.3134,0.8373,0.3022,0
20,136,16,222906666.44,-0.02305158227935584,1305158400,4,8,0,228166259.75,11,0.0,0.2798,1.3986,0.0554,0.1593,0.3134,0.8373,0.3022,0
20,137,1,223488440.02,-0.020501803093610074,1305158400,4,8,0,228166259.75,11,0.0,0.2798,1.3986,0.0554,0.1593,0.3134,0.8373,0.3022,0
20,138,10,239284353.86,0.048728037713297416,1305158400,4,8,0,228166259.75,11,0.0,0.2798,1.3986,0.0554,0.1593,0.3134,0.8373,0.3022,0
20,139,62,239980988.35,0.05178122572962935,1305158400,4,8,0,228166259.75,11,0.0,0.2798,1.3986,0.0554,0.1593,0.3134,0.8373,0.3022,0
20,140,20,253820714.63,0.11243754842678923,1305158400,4,8,0,228166259.75,11,0.0,0.2798,1.3986,0.0554,0.1593,0.3134,0.8373,0.3022,0
20,141,2,271932698.82,0.19181819046319354,1305158400,4,8,0,228166259.75,11,0.0,0.2798,1.3986,0.0554,0.1593,0.3134,0.8373,0.3022,0
20,142,176,347775817.78,0.5242210577543552,1305158400,4,8,0,228166259.75,11,0.0,0.2798,1.3986,0.0554,0.1593,0.3134,0.8373,0.3022,0
20,143,13,378841823.18,0.660376181803103,1305158400,4,8,0,228166259.75,11,0.0,0.2798,1.3986,0.0554,0.1593,0.3134,0.8373,0.3022,0
21,144,67,192614781.65,-0.16260144028465429,1291161600,4,8,0,230015659.11,9,1.0,0.4339,2.0364,0.0291,0.1589,7.1415,2.573,0.6419,0
21,145,107,198229472.98,-0.13819140076062786,1291161600,4,8,0,230015659.11,9,0.0,0.4339,2.0364,0.0291,0.1589,7.1415,2.573,0.6419,0
21,146,138,219782000.0,-0.044491140945837615,1291161600,4,8,0,230015659.11,9,0.0,0.4339,2.0364,0.0291,0.1589,7.1415,2.573,0.6419,0
21,147,79,220698664.67,-0.04050591370717871,1291161600,4,8,0,230015659.11,9,0.0,0.4339,2.0364,0.0291,0.1589,7.1415,2.573,0.6419,0
21,148,50,255052656.23,0.10884909843872914,1291161600,4,8,0,230015659.11,9,0.0,0.4339,2.0364,0.0291,0.1589,7.1415,2.573,0.6419,0
21,149,149,262825684.0,0.1426425705879908,1291161600,4,8,0,230015659.11,9,0.0,0.4339,2.0364,0.0291,0.1589,7.1415,2.573,0.6419,0
21,150,17,268150000.0,0.16579019462637357,1291161600,4,8,0,230015659.11,9,0.0,0.4339,2.0364,0.0291,0.1589,7.1415,2.573,0.6419,0
21,151,64,289486114.85,0.25854959601944527,1291161600,4,8,0,230015659.11,9,0.0,0.4339,2.0364,0.0291,0.1589,7.1415,2.573,0.6419,0
21,152,53,584847257.49,1.542641052157255,1291161600,4,8,0,230015659.11,9,0.0,0.4339,2.0364,0.0291,0.1589,7.1415,2.573,0.6419,0
22,153,26,182852836.88,-0.2542553386070948,1257984000,4,8,0,245194965.98,19,1.0,0.1968,0.96,0.0869,0.3452,-0.7368,0.4046,0.1766,0
22,154,70,198745894.29,-0.1894372973945507,1257984000,4,8,0,245194965.98,19,0.0,0.1968,0.96,0.0869,0.3452,-0.7368,0.4046,0.1766,0
22,155,18,202450684.64,-0.17432772801496488,1257984000,4,8,0,245194965.98,19,0.0,0.1968,0.96,0.0869,0.3452,-0.7368,0.4046,0.1766,0
22,156,38,204600059.0,-0.16556174723143063,1257984000,4,8,0,245194965.98,19,0.0,0.1968,0.96,0.0869,0.3452,-0.7368,0.4046,0.1766,0
22,157,2,210997968.76,-0.13946859424018263,1257984000,4,8,0,245194965.98,19,0.0,0.1968,0.96,0.0869,0.3452,-0.7368,0.4046,0.1766,0
22,158,45,218379871.39,-0.10936233736620536,1257984000,4,8,0,245194965.98,19,0.0,0.1968,0.96,0.0869,0.3452,-0.7368,0.4046,0.1766,0
22,159,13,231586285.09,-0.055501469353616405,1257984000,4,8,0,245194965.98,19,0.0,0.1968,0.96,0.0869,0.3452,-0.7368,0.4046,0.1766,0
22,160,56,246342998.9,0.004682122715739846,1257984000,4,8,0,245194965.98,19,0.0,0.1968,0.96,0.0869,0.3452,-0.7368,0.4046,0.1766,0
22,161,16,247734720.68,0.01035810294819503,1257984000,4,8,0,245194965.98,19,0.0,0.1968,0.96,0.0869,0.3452,-0.7368,0.4046,0.1766,0
22,162,17,247774940.69,0.010522135720398318,1257984000,4,8,0,245194965.98,19,0.0,0.1968,0.96,0.0869,0.3452,-0.7368,0.4046,0.1766,0
22,163,23,258781115.05999997,0.05540957590910808,1257984000,4,8,0,245194965.98,19,0.0,0.1968,0.96,0.0869,0.3452,-0.7368,0.4046,0.1766,0
22,164,11,262721103.22,0.0714783730161474,1257984000,4,8,0,245194965.98,19,0.0,0.1968,0.96,0.0869,0.3452,-0.7368,0.4046,0.1766,0
22,165,78,279325713.69,0.1391984030894989,1257984000,4,8,0,245194965.98,19,0.0,0.1968,0.96,0.0869,0.3452,-0.7368,0.4046,0.1766,0
22,166,1,298408375.29,0.21702488506367024,1257984000,4,8,0,245194965.98,19,0.0,0.1968,0.96,0.0869,0.3452,-0.7368,0.4046,0.1766,0
22,167,24,299836217.98,0.22284818035153706,1257984000,4,8,0,245194965.98,19,0.0,0.1968,0.96,0.0869,0.3452,-0.7368,0.4046,0.1766,0
22,168,19,305855726.17,0.24739806523983854,1257984000,4,8,0,245194965.98,19,0.0,0.1968,0.96,0.0869,0.3452,-0.7368,0.4046,0.1766,0
22,169,79,312956368.41,0.27635723335171236,1257984000,4,8,0,245194965.98,19,0.0,0.1968,0.96,0.0869,0.3452,-0.7368,0.4046,0.1766,0
22,170,4,344088704.39,0.40332695255279644,1257984000,4,8,0,245194965.98,19,0.0,0.1968,0.96,0.0869,0.3452,-0.7368,0.4046,0.1766,0
22,171,43,358384301.03,0.4616299302785547,1257984000,4,8,0,245194965.98,19,0.0,0.1968,0.96,0.0869,0.3452,-0.7368,0.4046,0.1766,0
23,172,172,235920103.64,-0.11458557731132749,1283126400,4,8,0,266451615.87,11,1.0,0.243,0.9685,0.001,0.0047,1.4354,1.2868,0.4096,0
23,173,126,236151218.42,-0.11371819739604576,1283126400,4,8,0,266451615.87,11,0.0,0.243,0.9685,0.001,0.0047,1.4354,1.2868,0.4096,0
23,174,157,237479973.99,-0.10873134240677704,1283126400,4,8,0,266451615.87,11,0.0,0.243,0.9685,0.001,0.0047,1.4354,1.2868,0.4096,0
23,175,115,238582001.41,-0.1045954041937483,1283126400,4,8,0,266451615.87,11,0.0,0.243,0.9685,0.001,0.0047,1.4354,1.2868,0.4096,0
23,176,134,259951226.63,-0.024396133679938,1283126400,4,8,0,266451615.87,11,0.0,0.243,0.9685,0.001,0.0047,1.4354,1.2868,0.4096,0
23,177,5,275043631.87,0.03224606453200114,1283126400,4,8,0,266451615.87,11,0.0,0.243,0.9685,0.001,0.0047,1.4354,1.2868,0.4096,0
23,178,223,287733700.0,0.07987222768573257,1283126400,4,8,0,266451615.87,11,0.0,0.243,0.9685,0.001,0.0047,1.4354,1.2868,0.4096,0
23,179,50,339294500.11,0.27338128163403436,1283126400,4,8,0,266451615.87,11,0.0,0.243,0.9685,0.001,0.0047,1.4354,1.2868,0.4096,0
23,180,53,347636402.43,0.3046886628738237,1283126400,4,8,0,266451615.87,11,0.0,0.243,0.9685,0.001,0.0047,1.4354,1.2868,0.4096,0
23,181,81,358882384.0,0.3468951307658662,1283126400,4,8,0,266451615.87,11,0.0,0.243,0.9685,0.001,0.0047,1.4354,1.2868,0.4096,0
23,182,69,464416984.63,0.7429692933691421,1283126400,4,8,0,266451615.87,11,0.0,0.243,0.9685,0.001,0.0047,1.4354,1.2868,0.4096,0
24,183,43,238415113.08,-0.11836322654671574,1156982400,28,11,0,270423285.71,7,1.0,0.1766,0.5684,0.0145,0.0722,-1.2666,0.1506,0.2603,0
24,184,16,241862913.14,-0.10561358462535632,1156982400,28,11,0,270423285.71,7,0.0,0.1766,0.5684,0.0145,0.0722,-1.2666,0.1506,0.2603,0
24,185,2,292969265.03,0.08337292131040129,1156982400,28,11,0,270423285.71,7,0.0,0.1766,0.5684,0.0145,0.0722,-1.2666,0.1506,0.2603,0
24,186,100,296838080.0,0.09767943696360179,1156982400,28,11,0,270423285.71,7,0.0,0.1766,0.5684,0.0145,0.0722,-1.2666,0.1506,0.2603,0
24,187,38,312657416.36,0.1561778621952387,1156982400,28,11,0,270423285.71,7,0.0,0.1766,0.5684,0.0145,0.0722,-1.2666,0.1506,0.2603,0
24,188,17,366617680.57,0.35571786877539163,1156982400,28,11,0,270423285.71,7,0.0,0.1766,0.5684,0.0145,0.0722,-1.2666,0.1506,0.2603,0
24,189,235,373939592.4,0.38279361342059187,1156982400,28,11,0,270423285.71,7,0.0,0.1766,0.5684,0.0145,0.0722,-1.2666,0.1506,0.2603,0
25,190,16,59500815.44,-0.7819651776935389,1281571200,4,8,0,272895929.24,10,1.0,0.4529,6.0502,0.4967,0.2321,-0.4062,-0.7647,0.2886,0
25,191,62,89052777.46,-0.6736749510774784,1281571200,4,8,0,272895929.24,10,0.0,0.4529,6.0502,0.4967,0.2321,-0.4062,-0.7647,0.2886,0
25,192,20,235390495.62,-0.13743493251969918,1281571200,4,8,0,272895929.24,10,0.0,0.4529,6.0502,0.4967,0.2321,-0.4062,-0.7647,0.2886,0
25,193,248,268184680.84,-0.017263901345544327,1281571200,4,8,0,272895929.24,10,0.0,0.4529,6.0502,0.4967,0.2321,-0.4062,-0.7647,0.2886,0
25,194,77,277823131.3,0.01805524206140409,1281571200,4,8,0,272895929.24,10,0.0,0.4529,6.0502,0.4967,0.2321,-0.4062,-0.7647,0.2886,0
25,195,149,315088931.0,0.15461205990688523,1281571200,4,8,0,272895929.24,10,0.0,0.4529,6.0502,0.4967,0.2321,-0.4062,-0.7647,0.2886,0
25,196,1,352936538.66,0.2933008551754827,1281571200,4,8,0,272895929.24,10,0.0,0.4529,6.0502,0.4967,0.2321,-0.4062,-0.7647,0.2886,0
25,197,179,415026608.51,0.5208237428305582,1281571200,4,8,0,272895929.24,10,0.0,0.4529,6.0502,0.4967,0.2321,-0.4062,-0.7647,0.2886,0
25,198,71,416454745.83,0.5260570100470289,1281571200,4,8,0,272895929.24,10,0.0,0.4529,6.0502,0.4967,0.2321,-0.4062,-0.7647,0.2886,0
25,199,10,419490901.13,0.5371826992738911,1281571200,4,8,0,272895929.24,10,0.0,0.4529,6.0502,0.4967,0.2321,-0.4062,-0.7647,0.2886,0
26,200,26,289088090.68,0.03762286953553717,1308700800,9,8,0,278606128.65,4,1.0,0.174,0.482,0.1064,1.2247,2.1048,1.3051,0.3927,0
26,201,88,319851591.88,0.1480421964507994,1308700800,9,8,0,278606128.65,4,0.0,0.174,0.482,0.1064,1.2247,2.1048,1.3051,0.3927,0
26,202,210,338864477.98,0.2162850818177795,1308700800,9,8,0,278606128.65,4,0.0,0.174,0.482,0.1064,1.2247,2.1048,1.3051,0.3927,0
26,203,78,428416382.11,0.5377134170949978,1308700800,9,8,0,278606128.65,4,0.0,0.174,0.482,0.1064,1.2247,2.1048,1.3051,0.3927,0
27,204,176,308410426.23,0.07377915164433628,1298332800,4,8,0,287219607.27,15,1.0,0.3534,1.7546,0.0078,0.0622,12.3068,3.4023,0.6975,0
27,205,248,310803080.78,0.08210955280580971,1298332800,4,8,0,287219607.27,15,0.0,0.3534,1.7546,0.0078,0.0622,12.3068,3.4023,0.6975,0
27,206,17,311858648.19,0.08578467589379493,1298332800,4,8,0,287219607.27,15,0.0,0.3534,1.7546,0.0078,0.0622,12.3068,3.4023,0.6975,0
27,207,1,318461776.38,0.10877449978765169,1298332800,4,8,0,287219607.27,15,0.0,0.3534,1.7546,0.0078,0.0622,12.3068,3.4023,0.6975,0
27,208,20,318861117.94,0.11016486990825632,1298332800,4,8,0,287219607.27,15,0.0,0.3534,1.7546,0.0078,0.0622,12.3068,3.4023,0.6975,0
27,209,39,328760280.51,0.1446303531811107,1298332800,4,8,0,287219607.27,15,0.0,0.3534,1.7546,0.0078,0.0622,12.3068,3.4023,0.6975,0
27,210,149,332756236.31,0.15854289849088696,1298332800,4,8,0,287219607.27,15,0.0,0.3534,1.7546,0.0078,0.0622,12.3068,3.4023,0.6975,0
27,211,2,339795304.49,0.18305051566544478,1298332800,4,8,0,287219607.27,15,0.0,0.3534,1.7546,0.0078,0.0622,12.3068,3.4023,0.6975,0
27,212,16,355743251.95,0.2385757899027574,1298332800,4,8,0,287219607.27,15,0.0,0.3534,1.7546,0.0078,0.0622,12.3068,3.4023,0.6975,0
27,213,177,362426954.48,0.26184614596767963,1298332800,4,8,0,287219607.27,15,0.0,0.3534,1.7546,0.0078,0.0622,12.3068,3.4023,0.6975,0
27,214,82,368781391.26,0.28397011180830734,1298332800,4,8,0,287219607.27,15,0.0,0.3534,1.7546,0.0078,0.0622,12.3068,3.4023,0.6975,0
27,215,10,371899860.37,0.2948275499186119,1298332800,4,8,0,287219607.27,15,0.0,0.3534,1.7546,0.0078,0.0622,12.3068,3.4023,0.6975,0
27,216,70,399980046.78,0.39259311222440274,1298332800,4,8,0,287219607.27,15,0.0,0.3534,1.7546,0.0078,0.0622,12.3068,3.4023,0.6975,0
27,217,62,440795986.81,0.5347001933458915,1298332800,4,8,0,287219607.27,15,0.0,0.3534,1.7546,0.0078,0.0622,12.3068,3.4023,0.6975,0
27,218,19,849549604.28,1.9578398646070958,1298332800,4,8,0,287219607.27,15,0.0,0.3534,1.7546,0.0078,0.0622,12.3068,3.4023,0.6975,0
28,219,260,397457769.76,0.36941912172046076,1179964800,19,1,1,290238221.05,5,1.0,0.0656,0.183,0.0546,0.93,-0.9994,-0.0043,0.2,1
28,220,139,419154562.25,0.4441742398145119,1179964800,19,1,1,290238221.05,5,0.0,0.0656,0.183,0.0546,0.93,-0.9994,-0.0043,0.2,0
28,221,76,431321438.95,0.4860945515363231,1179964800,19,1,1,290238221.05,5,0.0,0.0656,0.183,0.0546,0.93,-0.9994,-0.0043,0.2,1
28,222,61,453296321.01,0.5618078121141377,1179964800,19,1,1,290238221.05,5,0.0,0.0656,0.183,0.0546,0.93,-0.9994,-0.0043,0.2,0
28,223,25,470206513.0,0.6200709586040236,1179964800,19,1,1,290238221.05,5,0.0,0.0656,0.183,0.0546,0.93,-0.9994,-0.0043,0.2,0
29,224,29,238700000.0,-0.18054433898870803,-9223372037,18,10,0,291290928.06,12,1.0,0.1756,0.9612,0.1033,0.5358,1.2737,0.4188,0.2655,0
29,225,78,263352891.84,-0.09591110992047558,-9223372037,18,10,0,291290928.06,12,0.0,0.1756,0.9612,0.1033,0.5358,1.2737,0.4188,0.2655,0
29,226,40,298830000.0,0.025881588521174725,-9223372037,18,10,0,291290928.06,12,0.0,0.1756,0.9612,0.1033,0.5358,1.2737,0.4188,0.2655,0
29,227,72,326222195.0,0.11991882882396143,-9223372037,18,10,0,291290928.06,12,0.0,0.1756,0.9612,0.1033,0.5358,1.2737,0.4188,0.2655,0
29,228,81,332913450.72,0.14288986937288572,-9223372037,18,10,0,291290928.06,12,0.0,0.1756,0.9612,0.1033,0.5358,1.2737,0.4188,0.2655,0
29,229,8,337197161.1,0.15759582128333327,-9223372037,18,10,0,291290928.06,12,0.0,0.1756,0.9612,0.1033,0.5358,1.2737,0.4188,0.2655,0
29,230,76,343700483.41,0.17992168756867266,-9223372037,18,10,0,291290928.06,12,0.0,0.1756,0.9612,0.1033,0.5358,1.2737,0.4188,0.2655,0
29,231,12,344483488.92,0.18260974076420067,-9223372037,18,10,0,291290928.06,12,0.0,0.1756,0.9612,0.1033,0.5358,1.2737,0.4188,0.2655,0
29,232,49,354323650.73,0.2163909569371023,-9223372037,18,10,0,291290928.06,12,0.0,0.1756,0.9612,0.1033,0.5358,1.2737,0.4188,0.2655,0
29,233,50,368976474.0,0.2666940108893414,-9223372037,18,10,0,291290928.06,12,0.0,0.1756,0.9612,0.1033,0.5358,1.2737,0.4188,0.2655,0
29,234,2,399834581.45,0.3726297077389318,-9223372037,18,10,0,291290928.06,12,0.0,0.1756,0.9612,0.1033,0.5358,1.2737,0.4188,0.2655,0
29,235,77,468132767.67,0.6070969693006512,-9223372037,18,10,0,291290928.06,12,0.0,0.1756,0.9612,0.1033,0.5358,1.2737,0.4188,0.2655,0
30,236,146,258360261.24,-0.17627074925901295,1270080000,4,8,0,313647064.26,11,1.0,0.2551,0.9957,0.0517,0.145,-1.7704,0.1346,0.1897,0
30,237,103,271727535.27,-0.13365190931693374,1270080000,4,8,0,313647064.26,11,0.0,0.2551,0.9957,0.0517,0.145,-1.7704,0.1346,0.1897,0
30,238,245,284408222.26,-0.09322211278777426,1270080000,4,8,0,313647064.26,11,0.0,0.2551,0.9957,0.0517,0.145,-1.7704,0.1346,0.1897,0
30,239,44,323664000.0,0.03193696635941218,1270080000,4,8,0,313647064.26,11,0.0,0.2551,0.9957,0.0517,0.145,-1.7704,0.1346,0.1897,0
30,240,50,333769863.81,0.06415746181931126,1270080000,4,8,0,313647064.26,11,0.0,0.2551,0.9957,0.0517,0.145,-1.7704,0.1346,0.1897,0
30,241,101,349870199.57,0.11549011432790766,1270080000,4,8,0,313647064.26,11,0.0,0.2551,0.9957,0.0517,0.145,-1.7704,0.1346,0.1897,0
30,242,199,433150000.0,0.3810108537822538,1270080000,4,8,0,313647064.26,11,0.0,0.2551,0.9957,0.0517,0.145,-1.7704,0.1346,0.1897,0
30,243,77,466465434.93,0.4872303556564462,1270080000,4,8,0,313647064.26,11,0.0,0.2551,0.9957,0.0517,0.145,-1.7704,0.1346,0.1897,0
30,244,74,469857377.2,0.498044875084526,1270080000,4,8,0,313647064.26,11,0.0,0.2551,0.9957,0.0517,0.145,-1.7704,0.1346,0.1897,0
30,245,23,511154104.36,0.6297111071834396,1270080000,4,8,0,313647064.26,11,0.0,0.2551,0.9957,0.0517,0.145,-1.7704,0.1346,0.1897,0
30,246,78,515606823.43,0.6439076981207897,1270080000,4,8,0,313647064.26,11,0.0,0.2551,0.9957,0.0517,0.145,-1.7704,0.1346,0.1897,0
31,247,37,269536530.12,-0.17476543166168299,1216252800,20,6,0,326618079.83,6,1.0,0.1719,0.5906,0.1755,1.003,-0.91,0.4792,0.2822,0
31,248,54,316839886.37,-0.029937698075652726,1216252800,20,6,0,326618079.83,6,0.0,0.1719,0.5906,0.1755,1.003,-0.91,0.4792,0.2822,0
31,249,47,318343586.62,-0.025333849290604896,1216252800,20,6,0,326618079.83,6,0.0,0.1719,0.5906,0.1755,1.003,-0.91,0.4792,0.2822,0
31,250,66,330733729.2,0.012600800825668135,1216252800,20,6,0,326618079.83,6,0.0,0.1719,0.5906,0.1755,1.003,-0.91,0.4792,0.2822,0
31,251,174,400503359.05,0.2262130720334167,1216252800,20,6,0,326618079.83,6,0.0,0.1719,0.5906,0.1755,1.003,-0.91,0.4792,0.2822,0
31,252,63,428712064.67,0.31257909817220925,1216252800,20,6,0,326618079.83,6,0.0,0.1719,0.5906,0.1755,1.003,-0.91,0.4792,0.2822,0
32,253,192,455448320.0,0.18488148502148838,1162252800,3,8,1,384383017.0,4,1.0,0.068,0.1462,0.0078,0.1327,-4.426,0.2574,0.4467,1
32,254,229,458998581.28,0.19411774448921593,1162252800,3,8,1,384383017.0,4,0.0,0.068,0.1462,0.0078,0.1327,-4.426,0.2574,0.4467,1
32,255,55,503446229.11,0.30975148964502774,1162252800,3,8,1,384383017.0,4,0.0,0.068,0.1462,0.0078,0.1327,-4.426,0.2574,0.4467,1
32,256,42,522015225.25,0.35806006551532943,1162252800,3,8,1,384383017.0,4,0.0,0.068,0.1462,0.0078,0.1327,-4.426,0.2574,0.4467,1
33,257,2,329877350.32,-0.17094842344565464,1271894400,30,10,0,397897259.53,12,1.0,0.1437,0.7745,0.1756,1.0698,0.9064,-0.066,0.1961,0
33,258,57,387814199.29,-0.025340863749376275,1271894400,30,10,0,397897259.53,12,0.0,0.1437,0.7745,0.1756,1.0698,0.9064,-0.066,0.1961,0
33,259,78,396970796.34,-0.002328398016850697,1271894400,30,10,0,397897259.53,12,0.0,0.1437,0.7745,0.1756,1.0698,0.9064,-0.066,0.1961,0
33,260,23,442349327.89,0.11171745292366975,1271894400,30,10,0,397897259.53,12,0.0,0.1437,0.7745,0.1756,1.0698,0.9064,-0.066,0.1961,0
33,261,43,448199747.41,0.12642079500476533,1271894400,30,10,0,397897259.53,12,0.0,0.1437,0.7745,0.1756,1.0698,0.9064,-0.066,0.1961,0
33,262,13,452688315.93,0.1377015173834566,1271894400,30,10,0,397897259.53,12,0.0,0.1437,0.7745,0.1756,1.0698,0.9064,-0.066,0.1961,0
33,263,11,462811866.17,0.16314414106967656,1271894400,30,10,0,397897259.53,12,0.0,0.1437,0.7745,0.1756,1.0698,0.9064,-0.066,0.1961,0
33,264,44,477947000.0,0.20118193466463064,1271894400,30,10,0,397897259.53,12,0.0,0.1437,0.7745,0.1756,1.0698,0.9064,-0.066,0.1961,0
33,265,17,489322000.0,0.22976971637852395,1271894400,30,10,0,397897259.53,12,0.0,0.1437,0.7745,0.1756,1.0698,0.9064,-0.066,0.1961,0
33,266,77,492932580.13,0.23884386816902592,1271894400,30,10,0,397897259.53,12,0.0,0.1437,0.7745,0.1756,1.0698,0.9064,-0.066,0.1961,0
33,267,70,513977719.58,0.2917347563215573,1271894400,30,10,0,397897259.53,12,0.0,0.1437,0.7745,0.1756,1.0698,0.9064,-0.066,0.1961,0
33,268,31,585377687.27,0.4711779818776678,1271894400,30,10,0,397897259.53,12,0.0,0.1437,0.7745,0.1756,1.0698,0.9064,-0.066,0.1961,0
34,269,239,662793765.0,0.5654420496238477,1222905600,21,10,0,423390802.08,4,1.0,0.1326,0.3307,0.1016,0.689,-3.736,-0.2955,0.3789,0
34,270,40,730145644.01,0.7245193812028974,1222905600,21,10,0,423390802.08,4,0.0,0.1326,0.3307,0.1016,0.689,-3.736,-0.2955,0.3789,0
34,271,79,855425347.69,1.020415520336143,1222905600,21,10,0,423390802.08,4,0.0,0.1326,0.3307,0.1016,0.689,-3.736,-0.2955,0.3789,0
34,272,70,881979452.2,1.0831332373473468,1222905600,21,10,0,423390802.08,4,0.0,0.1326,0.3307,0.1016,0.689,-3.736,-0.2955,0.3789,0
35,273,212,397531585.66,-0.0813318723642265,1282176000,20,6,0,432726001.59,17,1.0,0.2487,1.4009,0.125,0.3633,-0.6194,0.5605,0.2547,0
35,274,104,447227535.27,0.033512046021537546,1282176000,20,6,0,432726001.59,17,0.0,0.2487,1.4009,0.125,0.3633,-0.6194,0.5605,0.2547,0
35,275,17,482557000.0,0.11515600686554997,1282176000,20,6,0,432726001.59,17,0.0,0.2487,1.4009,0.125,0.3633,-0.6194,0.5605,0.2547,0
35,276,136,517000000.0,0.1947514087444371,1282176000,20,6,0,432726001.59,17,0.0,0.2487,1.4009,0.125,0.3633,-0.6194,0.5605,0.2547,0
35,277,39,522119017.58,0.20658110596898743,1282176000,20,6,0,432726001.59,17,0.0,0.2487,1.4009,0.125,0.3633,-0.6194,0.5605,0.2547,0
35,278,79,537686297.52,0.2425560182294014,1282176000,20,6,0,432726001.59,17,0.0,0.2487,1.4009,0.125,0.3633,-0.6194,0.5605,0.2547,0
35,279,74,544362812.42,0.25798498453941726,1282176000,20,6,0,432726001.59,17,0.0,0.2487,1.4009,0.125,0.3633,-0.6194,0.5605,0.2547,0
35,280,128,564834392.2,0.3052933961088162,1282176000,20,6,0,432726001.59,17,0.0,0.2487,1.4009,0.125,0.3633,-0.6194,0.5605,0.2547,0
35,281,44,588437000.0,0.3598373978865577,1282176000,20,6,0,432726001.59,17,0.0,0.2487,1.4009,0.125,0.3633,-0.6194,0.5605,0.2547,0
35,282,110,595176016.69,0.3754108015305226,1282176000,20,6,0,432726001.59,17,0.0,0.2487,1.4009,0.125,0.3633,-0.6194,0.5605,0.2547,0
35,283,141,616024429.79,0.42359004896052427,1282176000,20,6,0,432726001.59,17,0.0,0.2487,1.4009,0.125,0.3633,-0.6194,0.5605,0.2547,0
35,284,114,754229317.64,0.7429720304966064,1282176000,20,6,0,432726001.59,17,0.0,0.2487,1.4009,0.125,0.3633,-0.6194,0.5605,0.2547,0
35,285,71,762544560.12,0.7621879834309035,1282176000,20,6,0,432726001.59,17,0.0,0.2487,1.4009,0.125,0.3633,-0.6194,0.5605,0.2547,0
35,286,93,769616356.87,0.778530418884321,1282176000,20,6,0,432726001.59,17,0.0,0.2487,1.4009,0.125,0.3633,-0.6194,0.5605,0.2547,0
35,287,32,812958000.0,0.8786899724372536,1282176000,20,6,0,432726001.59,17,0.0,0.2487,1.4009,0.125,0.3633,-0.6194,0.5605,0.2547,0
35,288,30,841010308.0,0.943516925051437,1282176000,20,6,0,432726001.59,17,0.0,0.2487,1.4009,0.125,0.3633,-0.6194,0.5605,0.2547,0
35,289,21,954430470.4,1.205623112299837,1282176000,20,6,0,432726001.59,17,0.0,0.2487,1.4009,0.125,0.3633,-0.6194,0.5605,0.2547,0
36,290,120,342100373.63,-0.21841311682592338,1267747200,20,6,0,437699737.54,11,1.0,0.1343,0.6324,0.169,1.0212,-0.029,-0.4555,0.1999,0
36,291,137,399918918.88,-0.08631674963375402,1267747200,20,6,0,437699737.54,11,0.0,0.1343,0.6324,0.169,1.0212,-0.029,-0.4555,0.1999,0
36,292,179,418268255.47,-0.04439454814209069,1267747200,20,6,0,437699737.54,11,0.0,0.1343,0.6324,0.169,1.0212,-0.029,-0.4555,0.1999,0
36,293,79,444336342.98,0.015162461547954432,1267747200,20,6,0,437699737.54,11,0.0,0.1343,0.6324,0.169,1.0212,-0.029,-0.4555,0.1999,0
36,294,36,444999990.0,0.01667867680485605,1267747200,20,6,0,437699737.54,11,0.0,0.1343,0.6324,0.169,1.0212,-0.029,-0.4555,0.1999,0
36,295,93,459437719.04,0.049664141043752476,1267747200,20,6,0,437699737.54,11,0.0,0.1343,0.6324,0.169,1.0212,-0.029,-0.4555,0.1999,0
36,296,215,495440400.0,0.13191843062214137,1267747200,20,6,0,437699737.54,11,0.0,0.1343,0.6324,0.169,1.0212,-0.029,-0.4555,0.1999,0
36,297,17,506330000.0,0.15679758650467107,1267747200,20,6,0,437699737.54,11,0.0,0.1343,0.6324,0.169,1.0212,-0.029,-0.4555,0.1999,0
36,298,4,506809507.76,0.15789310409098484,1267747200,20,6,0,437699737.54,11,0.0,0.1343,0.6324,0.169,1.0212,-0.029,-0.4555,0.1999,0
36,299,8,522421923.54,0.19356234133509734,1267747200,20,6,0,437699737.54,11,0.0,0.1343,0.6324,0.169,1.0212,-0.029,-0.4555,0.1999,0
36,300,180,558431920.64,0.2758333458880967,1267747200,20,6,0,437699737.54,11,0.0,0.1343,0.6324,0.169,1.0212,-0.029,-0.4555,0.1999,0
37,301,188,433543208.8,-0.02255676858004363,1178150400,20,6,1,443548223.43,6,1.0,0.0474,0.1502,0.0497,1.2331,0.4792,-0.0785,0.1667,1
37,302,13,455090000.0,0.02602146950504356,1178150400,20,6,1,443548223.43,6,0.0,0.0474,0.1502,0.0497,1.2331,0.4792,-0.0785,0.1667,0
37,303,24,464241565.24,0.04665409693218124,1178150400,20,6,1,443548223.43,6,0.0,0.0474,0.1502,0.0497,1.2331,0.4792,-0.0785,0.1667,0
37,304,6,468380262.81,0.0559849821694054,1178150400,20,6,1,443548223.43,6,0.0,0.0474,0.1502,0.0497,1.2331,0.4792,-0.0785,0.1667,0
37,305,69,480233790.93,0.08270930997379962,1178150400,20,6,1,443548223.43,6,0.0,0.0474,0.1502,0.0497,1.2331,0.4792,-0.0785,0.1667,1
37,306,57,498663547.96,0.1242600502461446,1178150400,20,6,1,443548223.43,6,0.0,0.0474,0.1502,0.0497,1.2331,0.4792,-0.0785,0.1667,0
38,307,268,432735272.46,-0.07847333015582847,1187049600,14,9,0,469585185.78,5,1.0,0.1161,0.3133,0.0124,0.1198,-1.6215,0.1341,0.3605,0
38,308,94,438095115.88,-0.06705933418170695,1187049600,14,9,0,469585185.78,5,0.0,0.1161,0.3133,0.0124,0.1198,-1.6215,0.1341,0.3605,0
38,309,76,511796392.0,0.08989041285424171,1187049600,14,9,0,469585185.78,5,0.0,0.1161,0.3133,0.0124,0.1198,-1.6215,0.1341,0.3605,0
38,310,71,513810198.73,0.09417889296601323,1187049600,14,9,0,469585185.78,5,0.0,0.1161,0.3133,0.0124,0.1198,-1.6215,0.1341,0.3605,0
38,311,69,568304946.13,0.210227586685944,1187049600,14,9,0,469585185.78,5,0.0,0.1161,0.3133,0.0124,0.1198,-1.6215,0.1341,0.3605,0
39,312,126,435794432.93,-0.11290721446355854,1285200000,4,8,0,491261387.8,11,1.0,0.252,1.1595,0.1359,0.6522,3.1788,1.8742,0.5348,0
39,313,5,495003788.35,0.007617941574361224,1285200000,4,8,0,491261387.8,11,0.0,0.252,1.1595,0.1359,0.6522,3.1788,1.8742,0.5348,0
39,314,108,507236936.72,0.03251944752170082,1285200000,4,8,0,491261387.8,11,0.0,0.252,1.1595,0.1359,0.6522,3.1788,1.8742,0.5348,0
39,315,171,507361750.01,0.03277351448706708,1285200000,4,8,0,491261387.8,11,0.0,0.252,1.1595,0.1359,0.6522,3.1788,1.8742,0.5348,0
39,316,167,514948811.4,0.048217556250611485,1285200000,4,8,0,491261387.8,11,0.0,0.252,1.1595,0.1359,0.6522,3.1788,1.8742,0.5348,0
39,317,134,545013314.27,0.10941614343173903,1285200000,4,8,0,491261387.8,11,0.0,0.252,1.1595,0.1359,0.6522,3.1788,1.8742,0.5348,0
39,318,115,545486072.74,0.11037847933221996,1285200000,4,8,0,491261387.8,11,0.0,0.252,1.1595,0.1359,0.6522,3.1788,1.8742,0.5348,0
39,319,221,558550500.0,0.13697211682224536,1285200000,4,8,0,491261387.8,11,0.0,0.252,1.1595,0.1359,0.6522,3.1788,1.8742,0.5348,0
39,320,50,578981354.6,0.17856067864977848,1285200000,4,8,0,491261387.8,11,0.0,0.252,1.1595,0.1359,0.6522,3.1788,1.8742,0.5348,0
39,321,195,778893200.01,0.5854964777469938,1285200000,4,8,0,491261387.8,11,0.0,0.252,1.1595,0.1359,0.6522,3.1788,1.8742,0.5348,0
39,322,81,941114112.72,0.9157095104391594,1285200000,4,8,0,491261387.8,11,0.0,0.252,1.1595,0.1359,0.6522,3.1788,1.8742,0.5348,0
40,323,101,339239683.25,-0.3161014879052149,1276041600,4,8,0,496038048.41,11,1.0,0.162,0.6175,0.0252,0.1378,-1.2368,0.1272,0.1605,0
40,324,149,347785660.0,-0.29887301767517255,1276041600,4,8,0,496038048.41,11,0.0,0.162,0.6175,0.0252,0.1378,-1.2368,0.1272,0.1605,0
40,325,251,364203779.15,-0.2657745100049916,1276041600,4,8,0,496038048.41,11,0.0,0.162,0.6175,0.0252,0.1378,-1.2368,0.1272,0.1605,0
40,326,50,383407255.44,-0.22706079368513502,1276041600,4,8,0,496038048.41,11,0.0,0.162,0.6175,0.0252,0.1378,-1.2368,0.1272,0.1605,0
40,327,244,419778203.99,-0.15373789301938282,1276041600,4,8,0,496038048.41,11,0.0,0.162,0.6175,0.0252,0.1378,-1.2368,0.1272,0.1605,0
40,328,146,419880000.0,-0.15353267487064143,1276041600,4,8,0,496038048.41,11,0.0,0.162,0.6175,0.0252,0.1378,-1.2368,0.1272,0.1605,0
40,329,105,467126410.49,-0.05828512149959738,1276041600,4,8,0,496038048.41,11,0.0,0.162,0.6175,0.0252,0.1378,-1.2368,0.1272,0.1605,0
40,330,262,478744235.74,-0.034863883376353065,1276041600,4,8,0,496038048.41,11,0.0,0.162,0.6175,0.0252,0.1378,-1.2368,0.1272,0.1605,0
40,331,195,488401433.62,-0.015395219811218958,1276041600,4,8,0,496038048.41,11,0.0,0.162,0.6175,0.0252,0.1378,-1.2368,0.1272,0.1605,0
40,332,32,510194698.59,0.028539444152273528,1276041600,4,8,0,496038048.41,11,0.0,0.162,0.6175,0.0252,0.1378,-1.2368,0.1272,0.1605,0
40,333,78,548729667.43,0.10622495429311843,1276041600,4,8,0,496038048.41,11,0.0,0.162,0.6175,0.0252,0.1378,-1.2368,0.1272,0.1605,0
41,334,76,446814251.06,-0.15961419415847344,1257379200,14,9,0,531677531.86,12,1.0,0.1392,0.5877,0.1023,0.5636,-0.6095,-0.5623,0.2418,0
41,335,238,492541717.81,-0.0736081773346502,1257379200,14,9,0,531677531.86,12,0.0,0.1392,0.5877,0.1023,0.5636,-0.6095,-0.5623,0.2418,0
41,336,137,521000000.0,-0.02008272161256497,1257379200,14,9,0,531677531.86,12,0.0,0.1392,0.5877,0.1023,0.5636,-0.6095,-0.5623,0.2418,0
41,337,158,568697980.8,0.06962951548937757,1257379200,14,9,0,531677531.86,12,0.0,0.1392,0.5877,0.1023,0.5636,-0.6095,-0.5623,0.2418,0
41,338,268,597825000.0,0.12441275806519836,1257379200,14,9,0,531677531.86,12,0.0,0.1392,0.5877,0.1023,0.5636,-0.6095,-0.5623,0.2418,0
41,339,129,599640000.0,0.12782648140545394,1257379200,14,9,0,531677531.86,12,0.0,0.1392,0.5877,0.1023,0.5636,-0.6095,-0.5623,0.2418,0
41,340,81,623658000.0,0.1730004798551843,1257379200,14,9,0,531677531.86,12,0.0,0.1392,0.5877,0.1023,0.5636,-0.6095,-0.5623,0.2418,0
41,341,91,641928000.0,0.2073634139744518,1257379200,14,9,0,531677531.86,12,0.0,0.1392,0.5877,0.1023,0.5636,-0.6095,-0.5623,0.2418,0
41,342,71,668091832.49,0.25657337851530704,1257379200,14,9,0,531677531.86,12,0.0,0.1392,0.5877,0.1023,0.5636,-0.6095,-0.5623,0.2418,0
41,343,170,679763071.1,0.27852510284183585,1257379200,14,9,0,531677531.86,12,0.0,0.1392,0.5877,0.1023,0.5636,-0.6095,-0.5623,0.2418,0
41,344,220,702814604.94,0.32188133374999084,1257379200,14,9,0,531677531.86,12,0.0,0.1392,0.5877,0.1023,0.5636,-0.6095,-0.5623,0.2418,0
41,345,79,709394065.54,0.33425624185826197,1257379200,14,9,0,531677531.86,12,0.0,0.1392,0.5877,0.1023,0.5636,-0.6095,-0.5623,0.2418,0
42,346,79,479780539.0,-0.16870812726200918,1236902400,20,6,0,577150522.86,12,1.0,0.2103,1.056,0.1572,0.7149,1.7469,1.3578,0.4521,0
42,347,18,555178527.51,-0.03806978332293704,1236902400,20,6,0,577150522.86,12,0.0,0.2103,1.056,0.1572,0.7149,1.7469,1.3578,0.4521,0
42,348,95,597789961.81,0.03576092913807592,1236902400,20,6,0,577150522.86,12,0.0,0.2103,1.056,0.1572,0.7149,1.7469,1.3578,0.4521,0
42,349,111,599995918.67,0.03958308085175481,1236902400,20,6,0,577150522.86,12,0.0,0.2103,1.056,0.1572,0.7149,1.7469,1.3578,0.4521,0
42,350,26,628747770.43,0.08939998410521396,1236902400,20,6,0,577150522.86,12,0.0,0.2103,1.056,0.1572,0.7149,1.7469,1.3578,0.4521,0
42,351,168,639792696.25,0.10853697763208153,1236902400,20,6,0,577150522.86,12,0.0,0.2103,1.056,0.1572,0.7149,1.7469,1.3578,0.4521,0
42,352,69,658408077.61,0.14079092287283734,1236902400,20,6,0,577150522.86,12,0.0,0.2103,1.056,0.1572,0.7149,1.7469,1.3578,0.4521,0
42,353,266,662638369.0,0.14812053832399777,1236902400,20,6,0,577150522.86,12,0.0,0.2103,1.056,0.1572,0.7149,1.7469,1.3578,0.4521,0
42,354,119,668064570.13,0.15752224708986895,1236902400,20,6,0,577150522.86,12,0.0,0.2103,1.056,0.1572,0.7149,1.7469,1.3578,0.4521,0
42,355,178,672957379.36,0.16599977424475099,1236902400,20,6,0,577150522.86,12,0.0,0.2103,1.056,0.1572,0.7149,1.7469,1.3578,0.4521,0
42,356,86,908772447.43,0.5745848118211647,1236902400,20,6,0,577150522.86,12,0.0,0.2103,1.056,0.1572,0.7149,1.7469,1.3578,0.4521,0
42,357,75,986439500.0,0.7091546501800218,1236902400,20,6,0,577150522.86,12,0.0,0.2103,1.056,0.1572,0.7149,1.7469,1.3578,0.4521,0
43,358,105,488837596.0,-0.18759559625161365,1270080000,4,8,0,601717068.18,9,1.0,0.2674,1.1459,0.1012,0.4183,1.3105,1.3147,0.368,0
43,359,50,538321597.0,-0.10535760830542966,1270080000,4,8,0,601717068.18,9,0.0,0.2674,1.1459,0.1012,0.4183,1.3105,1.3147,0.368,0
43,360,147,557990000.0,-0.07267048001855793,1270080000,4,8,0,601717068.18,9,0.0,0.2674,1.1459,0.1012,0.4183,1.3105,1.3147,0.368,0
43,361,245,566165687.0,-0.05908321877511537,1270080000,4,8,0,601717068.18,9,0.0,0.2674,1.1459,0.1012,0.4183,1.3105,1.3147,0.368,0
43,362,218,597630000.0,-0.006792342109161056,1270080000,4,8,0,601717068.18,9,0.0,0.2674,1.1459,0.1012,0.4183,1.3105,1.3147,0.368,0
43,363,44,656159869.99,0.09047907179145172,1270080000,4,8,0,601717068.18,9,0.0,0.2674,1.1459,0.1012,0.4183,1.3105,1.3147,0.368,0
43,364,101,751812262.27,0.24944480060037116,1270080000,4,8,0,601717068.18,9,0.0,0.2674,1.1459,0.1012,0.4183,1.3105,1.3147,0.368,0
43,365,262,839862586.38,0.3957765714047525,1270080000,4,8,0,601717068.18,9,0.0,0.2674,1.1459,0.1012,0.4183,1.3105,1.3147,0.368,0
43,366,23,1049011340.01,0.743363111142785,1270080000,4,8,0,601717068.18,9,0.0,0.2674,1.1459,0.1012,0.4183,1.3105,1.3147,0.368,0
44,367,236,579324228.09,-0.03767916457497756,1216252800,20,6,0,602007362.58,8,1.0,0.0959,0.3721,0.1496,1.439,0.4224,-0.4885,0.277,0
44,368,95,665979996.03,0.10626553332476674,1216252800,20,6,0,602007362.58,8,0.0,0.0959,0.3721,0.1496,1.439,0.4224,-0.4885,0.277,0
44,369,18,671429586.75,0.11531789889160121,1216252800,20,6,0,602007362.58,8,0.0,0.0959,0.3721,0.1496,1.439,0.4224,-0.4885,0.277,0
44,370,38,687287073.0,0.1416589160214253,1216252800,20,6,0,602007362.58,8,0.0,0.0959,0.3721,0.1496,1.439,0.4224,-0.4885,0.277,0
44,371,144,704772617.75,0.17070431618906257,1216252800,20,6,0,602007362.58,8,0.0,0.0959,0.3721,0.1496,1.439,0.4224,-0.4885,0.277,0
44,372,26,748207654.12,0.2428546569819926,1216252800,20,6,0,602007362.58,8,0.0,0.0959,0.3721,0.1496,1.439,0.4224,-0.4885,0.277,0
44,373,153,760679673.39,0.2635720435876134,1216252800,20,6,0,602007362.58,8,0.0,0.0959,0.3721,0.1496,1.439,0.4224,-0.4885,0.277,0
44,374,182,794878264.43,0.3203796395835101,1216252800,20,6,0,602007362.58,8,0.0,0.0959,0.3721,0.1496,1.439,0.4224,-0.4885,0.277,0
45,375,221,527730429.0,-0.1490754257353335,1216252800,20,6,0,620184731.95,5,1.0,0.2314,0.8932,0.2843,1.1209,0.1069,0.0383,0.2,0
45,376,164,677780010.0,0.09286793931367449,1216252800,20,6,0,620184731.95,5,0.0,0.2314,0.8932,0.2843,1.1209,0.1069,0.0383,0.2,0
45,377,99,763318000.0,0.23079134437888688,1216252800,20,6,0,620184731.95,5,0.0,0.2314,0.8932,0.2843,1.1209,0.1069,0.0383,0.2,0
45,378,81,839995000.0,0.35442708716621785,1216252800,20,6,0,620184731.95,5,0.0,0.2314,0.8932,0.2843,1.1209,0.1069,0.0383,0.2,0
45,379,211,999100000.0,0.6109716162450589,1216252800,20,6,0,620184731.95,5,0.0,0.2314,0.8932,0.2843,1.1209,0.1069,0.0383,0.2,0
46,380,259,640722313.0,-0.04148312151297539,1364428800,4,8,0,668451779.39,8,1.0,0.126,0.4232,0.0301,0.3009,0.3725,0.9716,0.3556,0
46,381,77,659985448.02,-0.012665582815451566,1364428800,4,8,0,668451779.39,8,0.0,0.126,0.4232,0.0301,0.3009,0.3725,0.9716,0.3556,0
46,382,69,665867778.61,-0.0038656502378646043,1364428800,4,8,0,668451779.39,8,0.0,0.126,0.4232,0.0301,0.3009,0.3725,0.9716,0.3556,0
46,383,71,679879939.5,0.017096461498582374,1364428800,4,8,0,668451779.39,8,0.0,0.126,0.4232,0.0301,0.3009,0.3725,0.9716,0.3556,0
46,384,84,742645543.29,0.11099344214134037,1364428800,4,8,0,668451779.39,8,0.0,0.126,0.4232,0.0301,0.3009,0.3725,0.9716,0.3556,0
46,385,268,784668472.72,0.17385950178194506,1364428800,4,8,0,668451779.39,8,0.0,0.126,0.4232,0.0301,0.3009,0.3725,0.9716,0.3556,0
46,386,198,798321153.99,0.19428383408375868,1364428800,4,8,0,668451779.39,8,0.0,0.126,0.4232,0.0301,0.3009,0.3725,0.9716,0.3556,0
46,387,2,911876728.15,0.364162316961949,1364428800,4,8,0,668451779.39,8,0.0,0.126,0.4232,0.0301,0.3009,0.3725,0.9716,0.3556,0
47,388,170,653074977.7,-0.07539446579592013,1264032000,20,6,0,706328216.24,21,1.0,0.1674,0.7379,0.0229,0.1092,-0.86,0.2939,0.1606,0
47,389,137,668000000.0,-0.054264031025169523,1264032000,20,6,0,706328216.24,21,0.0,0.1674,0.7379,0.0229,0.1092,-0.86,0.2939,0.1606,0
47,390,79,694704517.33,-0.0164565122031744,1264032000,20,6,0,706328216.24,21,0.0,0.1674,0.7379,0.0229,0.1092,-0.86,0.2939,0.1606,0
47,391,106,727750000.0,0.030328370391366585,1264032000,20,6,0,706328216.24,21,0.0,0.1674,0.7379,0.0229,0.1092,-0.86,0.2939,0.1606,0
47,392,72,739193414.88,0.04652964143914771,1264032000,20,6,0,706328216.24,21,0.0,0.1674,0.7379,0.0229,0.1092,-0.86,0.2939,0.1606,0
47,393,148,743830873.0,0.05309522669169022,1264032000,20,6,0,706328216.24,21,0.0,0.1674,0.7379,0.0229,0.1092,-0.86,0.2939,0.1606,0
47,394,96,774485318.87,0.09649494535673654,1264032000,20,6,0,706328216.24,21,0.0,0.1674,0.7379,0.0229,0.1092,-0.86,0.2939,0.1606,0
47,395,143,798961444.0,0.13114756798633198,1264032000,20,6,0,706328216.24,21,0.0,0.1674,0.7379,0.0229,0.1092,-0.86,0.2939,0.1606,0
47,396,83,834735000.0,0.18179478153024717,1264032000,20,6,0,706328216.24,21,0.0,0.1674,0.7379,0.0229,0.1092,-0.86,0.2939,0.1606,0
47,397,238,856670564.5,0.21285054851739896,1264032000,20,6,0,706328216.24,21,0.0,0.1674,0.7379,0.0229,0.1092,-0.86,0.2939,0.1606,0
47,398,74,869379376.0,0.2308433331857687,1264032000,20,6,0,706328216.24,21,0.0,0.1674,0.7379,0.0229,0.1092,-0.86,0.2939,0.1606,0
47,399,159,885749300.5,0.25401942062446975,1264032000,20,6,0,706328216.24,21,0.0,0.1674,0.7379,0.0229,0.1092,-0.86,0.2939,0.1606,0
47,400,68,889928089.42,0.259935634678957,1264032000,20,6,0,706328216.24,21,0.0,0.1674,0.7379,0.0229,0.1092,-0.86,0.2939,0.1606,0
47,401,162,896982611.5,0.26992323239599764,1264032000,20,6,0,706328216.24,21,0.0,0.1674,0.7379,0.0229,0.1092,-0.86,0.2939,0.1606,0
47,402,73,963375598.0,0.36392059081023465,1264032000,20,6,0,706328216.24,21,0.0,0.1674,0.7379,0.0229,0.1092,-0.86,0.2939,0.1606,0
47,403,222,969730100.0,0.3729171194125139,1264032000,20,6,0,706328216.24,21,0.0,0.1674,0.7379,0.0229,0.1092,-0.86,0.2939,0.1606,0
47,404,35,980551741.4,0.3882381007228838,1264032000,20,6,0,706328216.24,21,0.0,0.1674,0.7379,0.0229,0.1092,-0.86,0.2939,0.1606,0
47,405,123,1052027633.99,0.4894316973350763,1264032000,20,6,0,706328216.24,21,0.0,0.1674,0.7379,0.0229,0.1092,-0.86,0.2939,0.1606,0
47,406,71,1064149540.28,0.506593557800638,1264032000,20,6,0,706328216.24,21,0.0,0.1674,0.7379,0.0229,0.1092,-0.86,0.2939,0.1606,0
47,407,76,1127539597.0,0.5963394510872527,1264032000,20,6,0,706328216.24,21,0.0,0.1674,0.7379,0.0229,0.1092,-0.86,0.2939,0.1606,0
47,408,130,1135007583.0,0.6069124196141996,1264032000,20,6,0,706328216.24,21,0.0,0.1674,0.7379,0.0229,0.1092,-0.86,0.2939,0.1606,0
48,409,92,679366788.41,-0.10735446646947414,1267142400,15,4,0,761071178.75,7,1.0,0.2284,0.8995,0.052,0.2779,1.4094,1.1076,0.3638,0
48,410,79,714705799.5,-0.06092121281763884,1267142400,15,4,0,761071178.75,7,0.0,0.2284,0.8995,0.052,0.2779,1.4094,1.1076,0.3638,0
48,411,122,857684501.75,0.1269438729222145,1267142400,15,4,0,761071178.75,7,0.0,0.2284,0.8995,0.052,0.2779,1.4094,1.1076,0.3638,0
48,412,68,859898511.91,0.12985294400757122,1267142400,15,4,0,761071178.75,7,0.0,0.2284,0.8995,0.052,0.2779,1.4094,1.1076,0.3638,0
48,413,112,893515342.94,0.17402336061067147,1267142400,15,4,0,761071178.75,7,0.0,0.2284,0.8995,0.052,0.2779,1.4094,1.1076,0.3638,0
48,414,207,1029215649.37,0.3523250887786953,1267142400,15,4,0,761071178.75,7,0.0,0.2284,0.8995,0.052,0.2779,1.4094,1.1076,0.3638,0
48,415,70,1290436120.74,0.6955524749464834,1267142400,15,4,0,761071178.75,7,0.0,0.2284,0.8995,0.052,0.2779,1.4094,1.1076,0.3638,0
49,416,79,570128780.18,-0.2664295267595451,1245283200,17,10,0,777197012.39,15,1.0,0.1586,0.9019,0.1838,1.0161,0.7366,0.5004,0.2524,0
49,417,145,674900000.0,-0.1316230129030231,1245283200,17,10,0,777197012.39,15,0.0,0.1586,0.9019,0.1838,1.0161,0.7366,0.5004,0.2524,0
49,418,104,697049646.9,-0.10312361500661792,1245283200,17,10,0,777197012.39,15,0.0,0.1586,0.9019,0.1838,1.0161,0.7366,0.5004,0.2524,0
49,419,213,702755800.0,-0.09578165021643849,1245283200,17,10,0,777197012.39,15,0.0,0.1586,0.9019,0.1838,1.0161,0.7366,0.5004,0.2524,0
49,420,34,729578430.0,-0.061269641584912354,1245283200,17,10,0,777197012.39,15,0.0,0.1586,0.9019,0.1838,1.0161,0.7366,0.5004,0.2524,0
49,421,121,749723929.07,-0.03534893068556194,1245283200,17,10,0,777197012.39,15,0.0,0.1586,0.9019,0.1838,1.0161,0.7366,0.5004,0.2524,0
49,422,217,769858602.3,-0.009442149124368476,1245283200,17,10,0,777197012.39,15,0.0,0.1586,0.9019,0.1838,1.0161,0.7366,0.5004,0.2524,0
49,423,170,788571093.82,0.014634746722742824,1245283200,17,10,0,777197012.39,15,0.0,0.1586,0.9019,0.1838,1.0161,0.7366,0.5004,0.2524,0
49,424,2,791227634.26,0.018052851009879325,1245283200,17,10,0,777197012.39,15,0.0,0.1586,0.9019,0.1838,1.0161,0.7366,0.5004,0.2524,0
49,425,21,823565097.32,0.05966065771072781,1245283200,17,10,0,777197012.39,15,0.0,0.1586,0.9019,0.1838,1.0161,0.7366,0.5004,0.2524,0
49,426,154,883938942.0,0.13734217696199347,1245283200,17,10,0,777197012.39,15,0.0,0.1586,0.9019,0.1838,1.0161,0.7366,0.5004,0.2524,0
49,427,76,885500000.0,0.1393507513326019,1245283200,17,10,0,777197012.39,15,0.0,0.1586,0.9019,0.1838,1.0161,0.7366,0.5004,0.2524,0
49,428,69,885960519.24,0.13994328994592448,1245283200,17,10,0,777197012.39,15,0.0,0.1586,0.9019,0.1838,1.0161,0.7366,0.5004,0.2524,0
49,429,155,957348469.25,0.2317963836556791,1245283200,17,10,0,777197012.39,15,0.0,0.1586,0.9019,0.1838,1.0161,0.7366,0.5004,0.2524,0
49,430,262,1084324552.0,0.395173340496428,1245283200,17,10,0,777197012.39,15,0.0,0.1586,0.9019,0.1838,1.0161,0.7366,0.5004,0.2524,0
50,431,18,567058669.61,-0.28161828342262885,1299715200,4,8,0,789355653.86,14,1.0,0.2218,1.1307,0.0406,0.2179,3.689,1.6449,0.4304,0
50,432,12,590076751.93,-0.25245768615897457,1299715200,4,8,0,789355653.86,14,0.0,0.2218,1.1307,0.0406,0.2179,3.689,1.6449,0.4304,0
50,433,161,602375181.35,-0.236877346219861,1299715200,4,8,0,789355653.86,14,0.0,0.2218,1.1307,0.0406,0.2179,3.689,1.6449,0.4304,0
50,434,29,648799716.25,-0.17806414247199273,1299715200,4,8,0,789355653.86,14,0.0,0.2218,1.1307,0.0406,0.2179,3.689,1.6449,0.4304,0
50,435,166,657032903.03,-0.16763387983975697,1299715200,4,8,0,789355653.86,14,0.0,0.2218,1.1307,0.0406,0.2179,3.689,1.6449,0.4304,0
50,436,26,659888379.04,-0.1640164027291079,1299715200,4,8,0,789355653.86,14,0.0,0.2218,1.1307,0.0406,0.2179,3.689,1.6449,0.4304,0
50,437,67,688978190.91,-0.1271637980410323,1299715200,4,8,0,789355653.86,14,0.0,0.2218,1.1307,0.0406,0.2179,3.689,1.6449,0.4304,0
50,438,83,749500000.0,-0.050491376941564046,1299715200,4,8,0,789355653.86,14,0.0,0.2218,1.1307,0.0406,0.2179,3.689,1.6449,0.4304,0
50,439,262,789198717.08,-0.00019881631205469983,1299715200,4,8,0,789355653.86,14,0.0,0.2218,1.1307,0.0406,0.2179,3.689,1.6449,0.4304,0
50,440,172,794825829.82,0.0069299256086284115,1299715200,4,8,0,789355653.86,14,0.0,0.2218,1.1307,0.0406,0.2179,3.689,1.6449,0.4304,0
50,441,152,794915000.0,0.007042891392256994,1299715200,4,8,0,789355653.86,14,0.0,0.2218,1.1307,0.0406,0.2179,3.689,1.6449,0.4304,0
50,442,104,852878828.18,0.08047471885374802,1299715200,4,8,0,789355653.86,14,0.0,0.2218,1.1307,0.0406,0.2179,3.689,1.6449,0.4304,0
50,443,187,898928584.28,0.1388131318046324,1299715200,4,8,0,789355653.86,14,0.0,0.2218,1.1307,0.0406,0.2179,3.689,1.6449,0.4304,0
50,444,80,1208252780.16,0.5306823663725801,1299715200,4,8,0,789355653.86,14,0.0,0.2218,1.1307,0.0406,0.2179,3.689,1.6449,0.4304,0
51,445,55,858366444.14,0.08083764187247189,1185494400,3,8,1,794167792.54,6,1.0,0.1149,0.328,0.0462,0.4953,-0.8119,0.9664,0.4308,0
51,446,98,897980421.13,0.13071875939211086,1185494400,3,8,1,794167792.54,6,0.0,0.1149,0.328,0.0462,0.4953,-0.8119,0.9664,0.4308,1
51,447,69,910593887.41,0.1466013806699873,1185494400,3,8,1,794167792.54,6,0.0,0.1149,0.328,0.0462,0.4953,-0.8119,0.9664,0.4308,1
51,448,71,924778044.0,0.16446178337485473,1185494400,3,8,1,794167792.54,6,0.0,0.1149,0.328,0.0462,0.4953,-0.8119,0.9664,0.4308,1
51,449,125,1068000625.26,0.344804756994987,1185494400,3,8,1,794167792.54,6,0.0,0.1149,0.328,0.0462,0.4953,-0.8119,0.9664,0.4308,0
51,450,70,1139926843.75,0.4353727945880972,1185494400,3,8,1,794167792.54,6,0.0,0.1149,0.328,0.0462,0.4953,-0.8119,0.9664,0.4308,1
52,451,113,789698500.0,-0.049749206516671675,1216252800,20,6,0,831042189.51,3,1.0,0.1196,0.2636,0.2044,1.4142,0.0,-1.381,0.4418,0
52,452,14,951076713.78,0.14443854449889587,1216252800,20,6,0,831042189.51,3,0.0,0.1196,0.2636,0.2044,1.4142,0.0,-1.381,0.4418,0
52,453,3,997895934.43,0.20077650331853844,1216252800,20,6,0,831042189.51,3,0.0,0.1196,0.2636,0.2044,1.4142,0.0,-1.381,0.4418,0
53,454,90,807488986.27,-0.0417720530485182,1188432000,12,10,0,842689872.32,4,1.0,0.1377,0.3561,0.1977,1.4142,-0.3292,-1.041,0.5,0
53,455,203,967123349.06,0.1476622430472832,1188432000,12,10,0,842689872.32,4,0.0,0.1377,0.3561,0.1977,1.4142,-0.3292,-1.041,0.5,0
53,456,72,1094999394.82,0.2994097007542874,1188432000,12,10,0,842689872.32,4,0.0,0.1377,0.3561,0.1977,1.4142,-0.3292,-1.041,0.5,0
53,457,262,1094999394.82,0.2994097007542874,1188432000,12,10,0,842689872.32,4,0.0,0.1377,0.3561,0.1977,1.4142,-0.3292,-1.041,0.5,0
54,458,242,945372246.38,0.10033472879362747,1194998400,19,1,0,859167871.05,3,1.0,0.0596,0.1237,0.042,1.4142,0.0,0.9064,0.3333,0
54,459,94,985036523.4,0.1465006509102515,1194998400,19,1,0,859167871.05,3,0.0,0.0596,0.1237,0.042,1.4142,0.0,0.9064,0.3333,0
54,460,133,1062307460.3,0.23643759979262322,1194998400,19,1,0,859167871.05,3,0.0,0.0596,0.1237,0.042,1.4142,0.0,0.9064,0.3333,0
55,461,248,672070084.88,-0.26420483120335825,1265328000,1,3,0,913392902.51,10,1.0,0.2469,1.2075,0.0362,0.1194,-0.1889,0.3139,0.1938,0
55,462,109,696382558.23,-0.23758707089102227,1265328000,1,3,0,913392902.51,10,0.0,0.2469,1.2075,0.0362,0.1194,-0.1889,0.3139,0.1938,0
55,463,97,847747476.06,-0.07186986703050424,1265328000,1,3,0,913392902.51,10,0.0,0.2469,1.2075,0.0362,0.1194,-0.1889,0.3139,0.1938,0
55,464,256,937719488.02,0.026633210574716237,1265328000,1,3,0,913392902.51,10,0.0,0.2469,1.2075,0.0362,0.1194,-0.1889,0.3139,0.1938,0
55,465,179,988152460.12,0.08184819194955528,1265328000,1,3,0,913392902.51,10,0.0,0.2469,1.2075,0.0362,0.1194,-0.1889,0.3139,0.1938,0
55,466,102,1011192076.96,0.10707240463687451,1265328000,1,3,0,913392902.51,10,0.0,0.2469,1.2075,0.0362,0.1194,-0.1889,0.3139,0.1938,0
55,467,228,1119192357.68,0.22531317530984096,1265328000,1,3,0,913392902.51,10,0.0,0.2469,1.2075,0.0362,0.1194,-0.1889,0.3139,0.1938,0
55,468,71,1198250831.76,0.31186790314136625,1265328000,1,3,0,913392902.51,10,0.0,0.2469,1.2075,0.0362,0.1194,-0.1889,0.3139,0.1938,0
55,469,68,1245184036.0,0.36325127180016326,1265328000,1,3,0,913392902.51,10,0.0,0.2469,1.2075,0.0362,0.1194,-0.1889,0.3139,0.1938,0
55,470,16,1483596139.16,0.6242693971926909,1265328000,1,3,0,913392902.51,10,0.0,0.2469,1.2075,0.0362,0.1194,-0.1889,0.3139,0.1938,0
56,471,221,731085774.0,-0.21449663264393845,1216252800,20,6,0,930722647.9,5,1.0,0.1574,0.488,0.0988,0.6279,-1.3669,0.0389,0.2,0
56,472,164,803323025.0,-0.13688247856378394,1216252800,20,6,0,930722647.9,5,0.0,0.1574,0.488,0.0988,0.6279,-1.3669,0.0389,0.2,0
56,473,211,916152611.92,-0.015654541138409552,1216252800,20,6,0,930722647.9,5,0.0,0.1574,0.488,0.0988,0.6279,-1.3669,0.0389,0.2,0
56,474,99,989306000.0,0.06294394171258463,1216252800,20,6,0,930722647.9,5,0.0,0.1574,0.488,0.0988,0.6279,-1.3669,0.0389,0.2,0
56,475,81,1087854676.0,0.1688279837764116,1216252800,20,6,0,930722647.9,5,0.0,0.1574,0.488,0.0988,0.6279,-1.3669,0.0389,0.2,0
57,476,76,1169650819.7,0.12113119062412173,1243555200,14,9,1,1043277387.59,5,1.0,0.0694,0.1704,0.0335,0.463,-2.4769,-0.2399,0.3525,1
57,477,246,1208780970.54,0.15863813873347513,1243555200,14,9,1,1043277387.59,5,0.0,0.0694,0.1704,0.0335,0.463,-2.4769,-0.2399,0.3525,1
57,478,71,1288108336.02,0.23467483465309863,1243555200,14,9,1,1043277387.59,5,0.0,0.0694,0.1704,0.0335,0.463,-2.4769,-0.2399,0.3525,1
57,479,70,1359504152.44,0.3031089992092062,1243555200,14,9,1,1043277387.59,5,0.0,0.0694,0.1704,0.0335,0.463,-2.4769,-0.2399,0.3525,1
57,480,64,1368972895.84,0.31218495878873176,1243555200,14,9,1,1043277387.59,5,0.0,0.0694,0.1704,0.0335,0.463,-2.4769,-0.2399,0.3525,0
58,481,64,971000213.0,-0.09824267946581705,1198713600,20,6,0,1076786615.3,3,1.0,0.1012,0.2211,0.1585,1.4142,0.0,-1.1632,0.3836,0
58,482,34,1124916500.07,0.04469769969845945,1198713600,20,6,0,1076786615.3,3,0.0,0.1012,0.2211,0.1585,1.4142,0.0,-1.1632,0.3836,0
58,483,78,1185684813.04,0.10113256999360105,1198713600,20,6,0,1076786615.3,3,0.0,0.1012,0.2211,0.1585,1.4142,0.0,-1.1632,0.3836,0
59,484,2,739878650.9,-0.3587885690594338,1375401600,4,8,0,1153876264.83,7,1.0,0.2208,0.987,0.2021,0.9344,0.9546,0.6635,0.2298,0
59,485,77,889416306.1,-0.22919264984531307,1375401600,4,8,0,1153876264.83,7,0.0,0.2208,0.987,0.2021,0.9344,0.9546,0.6635,0.2298,0
59,486,69,986888000.0,-0.14471938622864577,1375401600,4,8,0,1153876264.83,7,0.0,0.2208,0.987,0.2021,0.9344,0.9546,0.6635,0.2298,0
59,487,58,1022092503.68,-0.1142096125613743,1375401600,4,8,0,1153876264.83,7,0.0,0.2208,0.987,0.2021,0.9344,0.9546,0.6635,0.2298,0
59,488,79,1093666068.66,-0.05218080829392102,1375401600,4,8,0,1153876264.83,7,0.0,0.2208,0.987,0.2021,0.9344,0.9546,0.6635,0.2298,0
59,489,87,1198825229.76,0.03895475303551921,1375401600,4,8,0,1153876264.83,7,0.0,0.2208,0.987,0.2021,0.9344,0.9546,0.6635,0.2298,0
59,490,0,1470135030.12,0.2740837773767659,1375401600,4,8,0,1153876264.83,7,0.0,0.2208,0.987,0.2021,0.9344,0.9546,0.6635,0.2298,0
60,491,163,1149690071.75,-0.13237421258187326,1281571200,28,11,0,1325099009.76,13,1.0,0.0709,0.2682,0.0436,0.6249,-0.7453,0.3433,0.239,0
60,492,78,1199814787.92,-0.09454706472287773,1281571200,28,11,0,1325099009.76,13,0.0,0.0709,0.2682,0.0436,0.6249,-0.7453,0.3433,0.239,0
60,493,112,1199880000.0,-0.09449785173613516,1281571200,28,11,0,1325099009.76,13,0.0,0.0709,0.2682,0.0436,0.6249,-0.7453,0.3433,0.239,0
60,494,150,1224200000.0,-0.0761445061967669,1281571200,28,11,0,1325099009.76,13,0.0,0.0709,0.2682,0.0436,0.6249,-0.7453,0.3433,0.239,0
60,495,71,1247342711.67,-0.05867961376265991,1281571200,28,11,0,1325099009.76,13,0.0,0.0709,0.2682,0.0436,0.6249,-0.7453,0.3433,0.239,0
60,496,171,1275318441.44,-0.03756743303960065,1281571200,28,11,0,1325099009.76,13,0.0,0.0709,0.2682,0.0436,0.6249,-0.7453,0.3433,0.239,0
60,497,247,1288321803.54,-0.027754308130274026,1281571200,28,11,0,1325099009.76,13,0.0,0.0709,0.2682,0.0436,0.6249,-0.7453,0.3433,0.239,0
60,498,227,1289250000.0,-0.02705383484249446,1281571200,28,11,0,1325099009.76,13,0.0,0.0709,0.2682,0.0436,0.6249,-0.7453,0.3433,0.239,0
60,499,232,1289459888.0,-0.026895440640661936,1281571200,28,11,0,1325099009.76,13,0.0,0.0709,0.2682,0.0436,0.6249,-0.7453,0.3433,0.239,0
60,500,194,1385870787.43,0.04586206556822269,1281571200,28,11,0,1325099009.76,13,0.0,0.0709,0.2682,0.0436,0.6249,-0.7453,0.3433,0.239,0
60,501,183,1387846950.6,0.04735339803126464,1281571200,28,11,0,1325099009.76,13,0.0,0.0709,0.2682,0.0436,0.6249,-0.7453,0.3433,0.239,0
60,502,262,1397071080.94,0.054314485672308774,1281571200,28,11,0,1325099009.76,13,0.0,0.0709,0.2682,0.0436,0.6249,-0.7453,0.3433,0.239,0
60,503,91,1457999335.4,0.10029463810713346,1281571200,28,11,0,1325099009.76,13,0.0,0.0709,0.2682,0.0436,0.6249,-0.7453,0.3433,0.239,0
61,504,79,1142375625.91,-0.14938388249949108,1267142400,17,10,0,1342997860.5,9,1.0,0.135,0.4492,0.0669,0.4793,-1.3131,0.6046,0.2709,0
61,505,121,1218768705.02,-0.09250138003477483,1267142400,17,10,0,1342997860.5,9,0.0,0.135,0.4492,0.0669,0.4793,-1.3131,0.6046,0.2709,0
61,506,71,1246143676.28,-0.07211789911857423,1267142400,17,10,0,1342997860.5,9,0.0,0.135,0.4492,0.0669,0.4793,-1.3131,0.6046,0.2709,0
61,507,112,1248247718.6,-0.07055122326458843,1267142400,17,10,0,1342997860.5,9,0.0,0.135,0.4492,0.0669,0.4793,-1.3131,0.6046,0.2709,0
61,508,92,1299631130.13,-0.032290989915541926,1267142400,17,10,0,1342997860.5,9,0.0,0.135,0.4492,0.0669,0.4793,-1.3131,0.6046,0.2709,0
61,509,76,1345462022.0,0.001834821612509933,1267142400,17,10,0,1342997860.5,9,0.0,0.135,0.4492,0.0669,0.4793,-1.3131,0.6046,0.2709,0
61,510,85,1546182065.3,0.1512915327537113,1267142400,17,10,0,1342997860.5,9,0.0,0.135,0.4492,0.0669,0.4793,-1.3131,0.6046,0.2709,0
61,511,180,1592040850.93,0.18543811405424057,1267142400,17,10,0,1342997860.5,9,0.0,0.135,0.4492,0.0669,0.4793,-1.3131,0.6046,0.2709,0
61,512,197,1655492718.52,0.2326845538708883,1267142400,17,10,0,1342997860.5,9,0.0,0.135,0.4492,0.0669,0.4793,-1.3131,0.6046,0.2709,0
62,513,74,1119798243.0,-0.1687506972681413,1347494400,4,8,1,1347126835.86,9,1.0,0.1224,0.4951,0.1493,1.0601,-0.4316,-0.2961,0.1905,1
62,514,29,1287000000.0,-0.04463338882386318,1347494400,4,8,1,1347126835.86,9,0.0,0.1224,0.4951,0.1493,1.0601,-0.4316,-0.2961,0.1905,0
62,515,263,1329150210.93,-0.013344418989711261,1347494400,4,8,1,1347126835.86,9,0.0,0.1224,0.4951,0.1493,1.0601,-0.4316,-0.2961,0.1905,1
62,516,181,1338477358.63,-0.006420685120178749,1347494400,4,8,1,1347126835.86,9,0.0,0.1224,0.4951,0.1493,1.0601,-0.4316,-0.2961,0.1905,1
62,517,77,1436418195.13,0.06628281531708706,1347494400,4,8,1,1347126835.86,9,0.0,0.1224,0.4951,0.1493,1.0601,-0.4316,-0.2961,0.1905,1
62,518,194,1488965256.66,0.10528958151847014,1347494400,4,8,1,1347126835.86,9,0.0,0.1224,0.4951,0.1493,1.0601,-0.4316,-0.2961,0.1905,1
62,519,2,1560527310.32,0.15841156807166276,1347494400,4,8,1,1347126835.86,9,0.0,0.1224,0.4951,0.1493,1.0601,-0.4316,-0.2961,0.1905,0
62,520,84,1598142566.8,0.18633414780112573,1347494400,4,8,1,1347126835.86,9,0.0,0.1224,0.4951,0.1493,1.0601,-0.4316,-0.2961,0.1905,0
62,521,71,1674243913.39,0.24282574500208073,1347494400,4,8,1,1347126835.86,9,0.0,0.1224,0.4951,0.1493,1.0601,-0.4316,-0.2961,0.1905,1
63,522,269,1348510628.0,-0.022169228521875195,1313452800,24,8,1,1379083853.09,10,1.0,0.06,0.2436,0.0371,0.9189,2.9565,1.2772,0.3684,1
63,523,76,1398522046.09,0.014095004416494916,1313452800,24,8,1,1379083853.09,10,0.0,0.06,0.2436,0.0371,0.9189,2.9565,1.2772,0.3684,1
63,524,78,1434374605.26,0.04009237875284777,1313452800,24,8,1,1379083853.09,10,0.0,0.06,0.2436,0.0371,0.9189,2.9565,1.2772,0.3684,1
63,525,75,1436263727.44,0.041462217269749635,1313452800,24,8,1,1379083853.09,10,0.0,0.06,0.2436,0.0371,0.9189,2.9565,1.2772,0.3684,1
63,526,84,1443259677.76,0.04653511425445789,1313452800,24,8,1,1379083853.09,10,0.0,0.06,0.2436,0.0371,0.9189,2.9565,1.2772,0.3684,0
63,527,70,1480622997.32,0.07362796975869967,1313452800,24,8,1,1379083853.09,10,0.0,0.06,0.2436,0.0371,0.9189,2.9565,1.2772,0.3684,1
63,528,71,1484925334.04,0.0767476761567989,1313452800,24,8,1,1379083853.09,10,0.0,0.06,0.2436,0.0371,0.9189,2.9565,1.2772,0.3684,1
63,529,262,1490330786.0,0.080667272451026,1313452800,24,8,1,1379083853.09,10,0.0,0.06,0.2436,0.0371,0.9189,2.9565,1.2772,0.3684,1
63,530,48,1530536228.03,0.10982100515547,1313452800,24,8,1,1379083853.09,10,0.0,0.06,0.2436,0.0371,0.9189,2.9565,1.2772,0.3684,0
63,531,69,1677065327.49,0.21607204937710045,1313452800,24,8,1,1379083853.09,10,0.0,0.06,0.2436,0.0371,0.9189,2.9565,1.2772,0.3684,1
64,532,262,158040644.92,0.10680680054261371,1140048000,18,10,0,142789730.64,4,1.0,0.11,0.3089,0.1356,1.5031,1.1192,0.0279,0.25,0
64,533,71,179473250.0,0.25690586567801654,1140048000,18,10,0,142789730.64,4,0.0,0.11,0.3089,0.1356,1.5031,1.1192,0.0279,0.25,0
64,534,73,185049588.9,0.29595866642920665,1140048000,18,10,0,142789730.64,4,0.0,0.11,0.3089,0.1356,1.5031,1.1192,0.0279,0.25,0
64,535,72,206864782.74,0.448737117247916,1140048000,18,10,0,142789730.64,4,0.0,0.11,0.3089,0.1356,1.5031,1.1192,0.0279,0.25,0
65,536,76,182376337.63,0.14233360333030642,1124323200,3,8,0,159652431.74,4,1.0,0.0737,0.1878,0.1372,1.6287,2.9004,-1.6039,0.4809,0
65,537,81,207407097.77,0.2991164338027139,1124323200,3,8,0,159652431.74,4,0.0,0.0737,0.1878,0.1372,1.6287,2.9004,-1.6039,0.4809,0
65,538,70,210341768.06,0.31749805353763416,1124323200,3,8,0,159652431.74,4,0.0,0.0737,0.1878,0.1372,1.6287,2.9004,-1.6039,0.4809,0
65,539,72,216625056.87,0.3568541018077449,1124323200,3,8,0,159652431.74,4,0.0,0.0737,0.1878,0.1372,1.6287,2.9004,-1.6039,0.4809,0
66,540,70,149204865.73,-0.08471258098482237,1201737600,8,10,0,163014221.14,3,1.0,0.0286,0.059,0.0296,1.4142,0.0,-0.0143,0.3333,0
66,541,82,153626376.68,-0.05758911335678807,1201737600,8,10,0,163014221.14,3,0.0,0.0286,0.059,0.0296,1.4142,0.0,-0.0143,0.3333,0
66,542,79,158006072.47,-0.03072215807293821,1201737600,8,10,0,163014221.14,3,0.0,0.0286,0.059,0.0296,1.4142,0.0,-0.0143,0.3333,0
67,543,70,232569569.05,0.27223944882411955,1132185600,2,8,0,182803299.54,3,1.0,0.1001,0.2193,0.0877,1.4142,0.0,0.5858,0.3333,0
67,544,81,252963759.46,0.383803028154029,1132185600,2,8,0,182803299.54,3,0.0,0.1001,0.2193,0.0877,1.4142,0.0,0.5858,0.3333,0
67,545,69,283560920.1,0.5511805356552266,1132185600,2,8,0,182803299.54,3,0.0,0.1001,0.2193,0.0877,1.4142,0.0,0.5858,0.3333,0
68,546,79,176275203.79,-0.14377672531347407,1269993600,0,8,0,205875276.93,4,1.0,0.1845,0.5311,0.1325,0.8907,-0.5765,0.5405,0.2505,0
68,547,77,199633913.67,-0.03031623492179758,1269993600,0,8,0,205875276.93,4,0.0,0.1845,0.5311,0.1325,0.8907,-0.5765,0.5405,0.2505,0
68,548,76,228622096.55,0.11048834983587752,1269993600,0,8,0,205875276.93,4,0.0,0.1845,0.5311,0.1325,0.8907,-0.5765,0.5405,0.2505,0
68,549,69,269894994.97,0.3109636037636878,1269993600,0,8,0,205875276.93,4,0.0,0.1845,0.5311,0.1325,0.8907,-0.5765,0.5405,0.2505,0
69,550,271,224989477.13,-0.08815882061237956,1156377600,16,7,1,246741957.06,4,1.0,0.0878,0.2383,0.0986,1.4918,1.1539,0.2124,0.25,1
69,551,198,247163966.47,0.0017103269141103272,1156377600,16,7,1,246741957.06,4,0.0,0.0878,0.2383,0.0986,1.4918,1.1539,0.2124,0.25,1
69,552,73,253225554.13,0.02627683247411139,1156377600,16,7,1,246741957.06,4,0.0,0.0878,0.2383,0.0986,1.4918,1.1539,0.2124,0.25,1
69,553,75,278608095.83,0.1291476291656839,1156377600,16,7,1,246741957.06,4,0.0,0.0878,0.2383,0.0986,1.4918,1.1539,0.2124,0.25,1
70,554,198,339471725.66,0.3008494924909937,1138838400,18,10,1,260961569.82,4,1.0,0.0444,0.1101,0.0652,1.4498,1.468,-1.1406,0.342,1
70,555,81,361590800.0,0.3856093839771493,1138838400,18,10,1,260961569.82,4,0.0,0.0444,0.1101,0.0652,1.4498,1.468,-1.1406,0.342,1
70,556,75,368734412.0,0.4129835755292899,1138838400,18,10,1,260961569.82,4,0.0,0.0444,0.1101,0.0652,1.4498,1.468,-1.1406,0.342,1
70,557,83,376833231.11,0.444018103393244,1138838400,18,10,1,260961569.82,4,0.0,0.0444,0.1101,0.0652,1.4498,1.468,-1.1406,0.342,1
71,558,72,687815302.0,1.4801161338945348,1193788800,12,10,1,277331892.89,3,1.0,0.0446,0.0818,0.0811,1.4142,0.0,-1.7316,0.6582,1
71,559,69,743581324.6,1.681196586701017,1193788800,12,10,1,277331892.89,3,0.0,0.0446,0.0818,0.0811,1.4142,0.0,-1.7316,0.6582,1
71,560,73,744059381.35,1.6829203579738348,1193788800,12,10,1,277331892.89,3,0.0,0.0446,0.0818,0.0811,1.4142,0.0,-1.7316,0.6582,1
72,561,81,315968750.95,0.00010811715702185865,1059609600,13,8,0,315934593.0,7,1.0,0.1441,0.5197,0.1288,0.7366,-0.784,-0.5354,0.24,0
72,562,82,356678211.07,0.12896219335500247,1059609600,13,8,0,315934593.0,7,0.0,0.1441,0.5197,0.1288,0.7366,-0.784,-0.5354,0.24,0
72,563,83,391185764.24,0.23818591856447968,1059609600,13,8,0,315934593.0,7,0.0,0.1441,0.5197,0.1288,0.7366,-0.784,-0.5354,0.24,0
72,564,213,425762777.83,0.3476295007365653,1059609600,13,8,0,315934593.0,7,0.0,0.1441,0.5197,0.1288,0.7366,-0.784,-0.5354,0.24,0
72,565,237,437611715.72,0.3851339024467004,1059609600,13,8,0,315934593.0,7,0.0,0.1441,0.5197,0.1288,0.7366,-0.784,-0.5354,0.24,0
72,566,208,464729622.77,0.4709678302622593,1059609600,13,8,0,315934593.0,7,0.0,0.1441,0.5197,0.1288,0.7366,-0.784,-0.5354,0.24,0
72,567,75,480185415.84,0.5198886936702116,1059609600,13,8,0,315934593.0,7,0.0,0.1441,0.5197,0.1288,0.7366,-0.784,-0.5354,0.24,0
73,568,76,458395996.2,0.16332496405207664,1146700800,17,10,1,394039507.76,5,1.0,0.0554,0.1604,0.0749,1.3731,0.9199,-0.8466,0.2669,1
73,569,69,492724332.74,0.2504439860383405,1146700800,17,10,1,394039507.76,5,0.0,0.0554,0.1604,0.0749,1.3731,0.9199,-0.8466,0.2669,1
73,570,75,505172650.16,0.28203553250728497,1146700800,17,10,1,394039507.76,5,0.0,0.0554,0.1604,0.0749,1.3731,0.9199,-0.8466,0.2669,1
73,571,262,516010476.17,0.309539947157506,1146700800,17,10,1,394039507.76,5,0.0,0.0554,0.1604,0.0749,1.3731,0.9199,-0.8466,0.2669,1
73,572,83,531913712.0,0.34989944288524466,1146700800,17,10,1,394039507.76,5,0.0,0.0554,0.1604,0.0749,1.3731,0.9199,-0.8466,0.2669,1
74,573,78,438483750.69,-0.005238765747937024,1101340800,5,2,0,440792961.76,6,1.0,0.1098,0.3361,0.0705,0.7463,-0.8118,0.6461,0.2674,0
74,574,80,469378961.64,0.06485130743889767,1101340800,5,2,0,440792961.76,6,0.0,0.1098,0.3361,0.0705,0.7463,-0.8118,0.6461,0.2674,0
74,575,185,472765575.04,0.07253430987722598,1101340800,5,2,0,440792961.76,6,0.0,0.1098,0.3361,0.0705,0.7463,-0.8118,0.6461,0.2674,0
74,576,83,498573461.0,0.13108308038607008,1101340800,5,2,0,440792961.76,6,0.0,0.1098,0.3361,0.0705,0.7463,-0.8118,0.6461,0.2674,0
74,577,193,549156001.07,0.24583659157652527,1101340800,5,2,0,440792961.76,6,0.0,0.1098,0.3361,0.0705,0.7463,-0.8118,0.6461,0.2674,0
74,578,70,585852446.2,0.32908756950384577,1101340800,5,2,0,440792961.76,6,0.0,0.1098,0.3361,0.0705,0.7463,-0.8118,0.6461,0.2674,0
75,579,262,691650409.29,0.33690682496793145,1152144000,13,8,0,517351244.21,4,1.0,0.1026,0.2361,0.0819,0.6929,-3.6856,-0.4081,0.4866,0
75,580,77,748292240.94,0.44639111109638696,1152144000,13,8,0,517351244.21,4,0.0,0.1026,0.2361,0.0819,0.6929,-3.6856,-0.4081,0.4866,0
75,581,190,852785871.4,0.6483692287281762,1152144000,13,8,0,517351244.21,4,0.0,0.1026,0.2361,0.0819,0.6929,-3.6856,-0.4081,0.4866,0
75,582,72,854974835.27,0.6526003268351162,1152144000,13,8,0,517351244.21,4,0.0,0.1026,0.2361,0.0819,0.6929,-3.6856,-0.4081,0.4866,0
76,583,71,459899799.15999997,-0.14327167902926485,1190937600,22,2,0,536809380.41,7,1.0,0.1182,0.4101,0.1267,0.8394,0.5284,-1.3227,0.5029,0
76,584,249,518184044.37,-0.034696368431144986,1190937600,22,2,0,536809380.41,7,0.0,0.1182,0.4101,0.1267,0.8394,0.5284,-1.3227,0.5029,0
76,585,74,608626469.0,0.1337850850056832,1190937600,22,2,0,536809380.41,7,0.0,0.1182,0.4101,0.1267,0.8394,0.5284,-1.3227,0.5029,0
76,586,76,614238604.9,0.14423970093604122,1190937600,22,2,0,536809380.41,7,0.0,0.1182,0.4101,0.1267,0.8394,0.5284,-1.3227,0.5029,0
76,587,204,620347447.78,0.15561961176273753,1190937600,22,2,0,536809380.41,7,0.0,0.1182,0.4101,0.1267,0.8394,0.5284,-1.3227,0.5029,0
76,588,253,628871778.41,0.17149923484884932,1190937600,22,2,0,536809380.41,7,0.0,0.1182,0.4101,0.1267,0.8394,0.5284,-1.3227,0.5029,0
76,589,262,648494637.03,0.2080538468509956,1190937600,22,2,0,536809380.41,7,0.0,0.1182,0.4101,0.1267,0.8394,0.5284,-1.3227,0.5029,0
77,590,191,1161107855.58,1.049904540559317,1135814400,15,4,1,566420451.59,3,1.0,0.0721,0.153,0.059,1.4142,0.0,0.6642,0.3333,1
77,591,196,1229655201.78,1.170923027811288,1135814400,15,4,1,566420451.59,3,0.0,0.0721,0.153,0.059,1.4142,0.0,0.6642,0.3333,1
77,592,262,1338814158.05,1.3636402151296125,1135814400,15,4,1,566420451.59,3,0.0,0.0721,0.153,0.059,1.4142,0.0,0.6642,0.3333,1
78,593,209,738720375.09,0.3073103952315759,1163635200,17,10,1,565068845.0,3,1.0,0.0416,0.0802,0.07,1.4142,0.0,-1.6256,0.5391,1
78,594,76,790402089.5,0.39877131166203306,1163635200,17,10,1,565068845.0,3,0.0,0.0416,0.0802,0.07,1.4142,0.0,-1.6256,0.5391,1
78,595,69,797961481.48,0.412149136411865,1163635200,17,10,1,565068845.0,3,0.0,0.0416,0.0802,0.07,1.4142,0.0,-1.6256,0.5391,1
79,596,200,835345927.2,0.30983530507430723,1170288000,18,10,1,637748825.34,3,1.0,0.0792,0.1677,0.1231,1.4142,0.0,-1.2312,0.4003,1
79,597,213,938145356.0,0.4710263958539649,1170288000,18,10,1,637748825.34,3,0.0,0.0792,0.1677,0.1231,1.4142,0.0,-1.2312,0.4003,1
79,598,68,975460802.35,0.5295375915901643,1170288000,18,10,1,637748825.34,3,0.0,0.0792,0.1677,0.1231,1.4142,0.0,-1.2312,0.4003,1
80,599,173,795893712.45,0.2794455864714842,1174608000,19,1,0,622061399.77,5,1.0,0.1914,0.6,0.2052,0.7644,-1.3965,-0.8585,0.4397,0
80,600,261,959219788.0,0.5420017836738631,1174608000,19,1,0,622061399.77,5,0.0,0.1914,0.6,0.2052,0.7644,-1.3965,-0.8585,0.4397,0
80,601,78,1196902344.55,0.9240903630936443,1174608000,19,1,0,622061399.77,5,0.0,0.1914,0.6,0.2052,0.7644,-1.3965,-0.8585,0.4397,0
80,602,69,1256334805.09,1.0196315115429364,1174608000,19,1,0,622061399.77,5,0.0,0.1914,0.6,0.2052,0.7644,-1.3965,-0.8585,0.4397,0
80,603,68,1273466807.56,1.0471722052370547,1174608000,19,1,0,622061399.77,5,0.0,0.1914,0.6,0.2052,0.7644,-1.3965,-0.8585,0.4397,0
81,604,69,876025575.26,0.3249200866819635,1163635200,17,10,1,661191255.28,3,1.0,0.0646,0.1381,0.0802,1.4142,0.0,-0.4763,0.3333,1
81,605,71,946252449.5,0.43113273495749915,1163635200,17,10,1,661191255.28,3,0.0,0.0646,0.1381,0.0802,1.4142,0.0,-0.4763,0.3333,1
81,606,72,996969815.0,0.507838778927274,1163635200,17,10,1,661191255.28,3,0.0,0.0646,0.1381,0.0802,1.4142,0.0,-0.4763,0.3333,1
82,607,267,598069863.47,-0.10936840999001896,1150934400,31,10,0,671512070.96,4,1.0,0.1178,0.3348,0.1504,1.662,1.4943,0.2409,0.2651,0
82,608,78,687993520.63,0.024543787643962922,1150934400,31,10,0,671512070.96,4,0.0,0.1178,0.3348,0.1504,1.662,1.4943,0.2409,0.2651,0
82,609,72,695158381.12,0.03521352955903678,1150934400,31,10,0,671512070.96,4,0.0,0.1178,0.3348,0.1504,1.662,1.4943,0.2409,0.2651,0
82,610,81,798294101.0,0.18880082059992032,1150934400,31,10,0,671512070.96,4,0.0,0.1178,0.3348,0.1504,1.662,1.4943,0.2409,0.2651,0
83,611,184,1149615570.04,0.39420968246703136,1148515200,18,10,1,824564328.09,4,1.0,0.0668,0.1567,0.0325,0.566,-3.2984,0.1545,0.2925,1
83,612,198,1187003004.1,0.4395517289106401,1148515200,18,10,1,824564328.09,4,0.0,0.0668,0.1567,0.0325,0.566,-3.2984,0.1545,0.2925,1
83,613,78,1278050000.0,0.549970034430719,1148515200,18,10,1,824564328.09,4,0.0,0.0668,0.1567,0.0325,0.566,-3.2984,0.1545,0.2925,1
83,614,262,1329804356.37,0.612735733366401,1148515200,18,10,1,824564328.09,4,0.0,0.0668,0.1567,0.0325,0.566,-3.2984,0.1545,0.2925,1
84,615,265,1330934933.66,0.5030299608447992,1241049600,4,8,1,885501266.33,5,1.0,0.0516,0.1447,0.0797,1.4506,1.7648,-1.3035,0.3504,1
84,616,68,1436966178.37,0.6227714550037529,1241049600,4,8,1,885501266.33,5,0.0,0.0516,0.1447,0.0797,1.4506,1.7648,-1.3035,0.3504,1
84,617,225,1471455590.26,0.6617204810542101,1241049600,4,8,1,885501266.33,5,0.0,0.0516,0.1447,0.0797,1.4506,1.7648,-1.3035,0.3504,1
84,618,233,1497205527.11,0.690799984188883,1241049600,4,8,1,885501266.33,5,0.0,0.0516,0.1447,0.0797,1.4506,1.7648,-1.3035,0.3504,1
84,619,89,1523562283.52,0.7205647709962886,1241049600,4,8,1,885501266.33,5,0.0,0.0516,0.1447,0.0797,1.4506,1.7648,-1.3035,0.3504,1
85,620,233,1079657804.13,0.2130986563258428,1293062400,4,8,1,890000000.0,6,1.0,0.0578,0.1532,0.0185,0.348,-1.7055,0.3321,0.2224,1
85,621,195,1099622796.67,0.23553123221348327,1293062400,4,8,1,890000000.0,6,0.0,0.0578,0.1532,0.0185,0.348,-1.7055,0.3321,0.2224,1
85,622,79,1134924879.66,0.275196494,1293062400,4,8,1,890000000.0,6,0.0,0.0578,0.1532,0.0185,0.348,-1.7055,0.3321,0.2224,1
85,623,69,1158543741.34,0.3017345408314607,1293062400,4,8,1,890000000.0,6,0.0,0.0578,0.1532,0.0185,0.348,-1.7055,0.3321,0.2224,1
85,624,78,1226736666.91,0.3783558055168541,1293062400,4,8,1,890000000.0,6,0.0,0.0578,0.1532,0.0185,0.348,-1.7055,0.3321,0.2224,1
85,625,262,1245094799.96,0.3989829213033709,1293062400,4,8,1,890000000.0,6,0.0,0.0578,0.1532,0.0185,0.348,-1.7055,0.3321,0.2224,1
86,626,243,1425039614.0,0.487357254614732,1220486400,4,8,1,958101767.13,4,1.0,0.1764,0.5285,0.1848,1.2285,0.3047,0.2825,0.25,1
86,627,199,1688320207.52,0.7621512301113629,1220486400,4,8,1,958101767.13,4,0.0,0.1764,0.5285,0.1848,1.2285,0.3047,0.2825,0.25,1
86,628,224,1849581372.01,0.9304644198188183,1220486400,4,8,1,958101767.13,4,0.0,0.1764,0.5285,0.1848,1.2285,0.3047,0.2825,0.25,1
86,629,258,2178127860.96,1.2733783985020675,1220486400,4,8,1,958101767.13,4,0.0,0.1764,0.5285,0.1848,1.2285,0.3047,0.2825,0.25,1
87,630,270,1298500000.0,0.24364002914099436,1250121600,4,8,1,1044112419.65,3,1.0,0.0597,0.1236,0.0905,1.4142,0.0,-1.2251,0.3988,1
87,631,199,1416046370.68,0.35622021540044235,1250121600,4,8,1,1044112419.65,3,0.0,0.0597,0.1236,0.0905,1.4142,0.0,-1.2251,0.3988,1
87,632,258,1459051345.67,0.39740828498055114,1250121600,4,8,1,1044112419.65,3,0.0,0.0597,0.1236,0.0905,1.4142,0.0,-1.2251,0.3988,1
88,633,194,1337212012.33,0.1874335370062561,1188432000,19,1,1,1126136302.08,3,1.0,0.083,0.1713,0.1422,1.4142,0.0,-1.5375,0.4967,1
88,634,68,1527375027.76,0.3562967688182175,1188432000,19,1,1,1126136302.08,3,0.0,0.083,0.1713,0.1422,1.4142,0.0,-1.5375,0.4967,1
88,635,214,1566319399.3,0.39087905825162683,1188432000,19,1,1,1126136302.08,3,0.0,0.083,0.1713,0.1422,1.4142,0.0,-1.5375,0.4967,1
89,636,255,1462689682.87,0.17000648269033358,1165449600,6,10,0,1250155195.3,3,1.0,0.0864,0.1878,0.1225,1.4142,0.0,-0.8638,0.3333,0
89,637,240,1641859943.61,0.31332489740683944,1165449600,6,10,0,1250155195.3,3,0.0,0.0864,0.1878,0.1225,1.4142,0.0,-0.8638,0.3333,0
89,638,77,1737381992.78,0.38973305019388427,1165449600,6,10,0,1250155195.3,3,0.0,0.0864,0.1878,0.1225,1.4142,0.0,-0.8638,0.3333,0
90,639,202,1899536167.04,0.4639879396350328,1216252800,20,6,1,1297508070.67,3,1.0,0.0621,0.1308,0.0877,1.4142,0.0,-0.951,0.3366,1
90,640,226,2066047281.0,0.5923194064859618,1216252800,20,6,1,1297508070.67,3,0.0,0.0621,0.1308,0.0877,1.4142,0.0,-0.951,0.3366,1
90,641,262,2148085960.34,0.6555472824387005,1216252800,20,6,1,1297508070.67,3,0.0,0.0621,0.1308,0.0877,1.4142,0.0,-0.951,0.3366,1
91,642,195,1969317341.0,0.18928859097317186,1296086400,4,8,1,1655878443.59,5,1.0,0.0556,0.1574,0.0521,1.0875,-0.4165,-0.0323,0.2,1
91,643,82,2071978932.67,0.25128685664744843,1296086400,4,8,1,1655878443.59,5,0.0,0.0556,0.1574,0.0521,1.0875,-0.4165,-0.0323,0.2,1
91,644,231,2115490253.0,0.27756373735595363,1296086400,4,8,1,1655878443.59,5,0.0,0.0556,0.1574,0.0521,1.0875,-0.4165,-0.0323,0.2,1
91,645,79,2195877839.45,0.32611052939928564,1296086400,4,8,1,1655878443.59,5,0.0,0.0556,0.1574,0.0521,1.0875,-0.4165,-0.0323,0.2,1
91,646,69,2279271067.12,0.3764724554167538,1296086400,4,8,1,1655878443.59,5,0.0,0.0556,0.1574,0.0521,1.0875,-0.4165,-0.0323,0.2,1
92,647,224,2878046400.0,0.713303659783471,1224115200,4,8,1,1679822711.85,3,1.0,0.0841,0.1662,0.0256,1.4142,0.0,1.5745,0.5129,1
92,648,199,2951609120.99,0.7570956150124755,1224115200,4,8,1,1679822711.85,3,0.0,0.0841,0.1662,0.0256,1.4142,0.0,1.5745,0.5129,1
92,649,78,3356461140.79,0.9981043934651337,1224115200,4,8,1,1679822711.85,3,0.0,0.0841,0.1662,0.0256,1.4142,0.0,1.5745,0.5129,1
93,650,186,2328363728.77,0.2680092932150979,1361404800,27,4,1,1836235539.62,3,1.0,0.0484,0.0986,0.0733,1.4142,0.0,-1.2687,0.4101,1
93,651,169,2498988938.58,0.36093049320739845,1361404800,27,4,1,1836235539.62,3,0.0,0.0484,0.0986,0.0733,1.4142,0.0,-1.2687,0.4101,1
93,652,264,2557880206.0,0.3930022324528917,1361404800,27,4,1,1836235539.62,3,0.0,0.0484,0.0986,0.0733,1.4142,0.0,-1.2687,0.4101,1
94,653,219,2207710536.05,0.08732857333020494,1173312000,16,7,1,2030398713.14,3,1.0,0.0698,0.1484,0.0993,1.4142,0.0,-0.9485,0.3361,1
94,654,201,2426953014.05,0.19530858562096465,1173312000,16,7,1,2030398713.14,3,0.0,0.0698,0.1484,0.0993,1.4142,0.0,-0.9485,0.3361,1
94,655,254,2535233420.41,0.24863821278199882,1173312000,16,7,1,2030398713.14,3,0.0,0.0698,0.1484,0.0993,1.4142,0.0,-0.9485,0.3361,1
95,656,183,2460772835.01,0.19166430799650547,1182384000,16,7,1,2064988284.45,3,1.0,0.046,0.0892,0.0778,1.4142,0.0,-1.6255,0.539,1
95,657,262,2652312844.3,0.28442028667800945,1182384000,16,7,1,2064988284.45,3,0.0,0.046,0.0892,0.0778,1.4142,0.0,-1.6255,0.539,1
95,658,224,2680341976.33,0.29799379324028297,1182384000,16,7,1,2064988284.45,3,0.0,0.046,0.0892,0.0778,1.4142,0.0,-1.6255,0.539,1
96,659,202,4226197431.48,0.6119182459192527,1216252800,20,6,1,2621843534.67,4,1.0,0.0503,0.1273,0.0533,1.2463,-0.0521,-0.2612,0.25,1
96,660,68,4451388145.3,0.6978084643255711,1216252800,20,6,1,2621843534.67,4,0.0,0.0503,0.1273,0.0533,1.2463,-0.0521,-0.2612,0.25,1
96,661,71,4583555912.18,0.7482187062535417,1216252800,20,6,1,2621843534.67,4,0.0,0.0503,0.1273,0.0533,1.2463,-0.0521,-0.2612,0.25,1
96,662,224,4764094707.65,0.8170781912238083,1216252800,20,6,1,2621843534.67,4,0.0,0.0503,0.1273,0.0533,1.2463,-0.0521,-0.2612,0.25,1
97,663,262,4986726354.97,0.690944146606639,1216252800,20,6,1,2949078102.3,3,1.0,0.0702,0.1452,0.1128,1.4142,0.0,-1.3876,0.4438,1
97,664,202,5549292943.78,0.8817042992018691,1216252800,20,6,1,2949078102.3,3,0.0,0.0702,0.1452,0.1128,1.4142,0.0,-1.3876,0.4438,1
97,665,252,5710608138.0,0.9364045101234413,1216252800,20,6,1,2949078102.3,3,0.0,0.0702,0.1452,0.1128,1.4142,0.0,-1.3876,0.4438,1
98,666,250,3398993795.51,0.12695843214882263,1300406400,26,5,1,3016077344.6,6,1.0,0.055,0.1478,0.0454,0.7432,-0.7068,-0.9485,0.4012,1
98,667,183,3553148676.82,0.17806948259519118,1300406400,26,5,1,3016077344.6,6,0.0,0.055,0.1478,0.0454,0.7432,-0.7068,-0.9485,0.4012,1
98,668,234,3750678950.13,0.24356192550739286,1300406400,26,5,1,3016077344.6,6,0.0,0.055,0.1478,0.0454,0.7432,-0.7068,-0.9485,0.4012,1
98,669,194,3851685729.43,0.27705137811736735,1300406400,26,5,1,3016077344.6,6,0.0,0.055,0.1478,0.0454,0.7432,-0.7068,-0.9485,0.4012,1
98,670,82,3887100028.69,0.28879321866512586,1300406400,26,5,1,3016077344.6,6,0.0,0.055,0.1478,0.0454,0.7432,-0.7068,-0.9485,0.4012,1
98,671,205,3901310794.55,0.2935048902293327,1300406400,26,5,1,3016077344.6,6,0.0,0.055,0.1478,0.0454,0.7432,-0.7068,-0.9485,0.4012,1
99,672,180,5937544758.8,0.7321052919988975,1216252800,20,6,1,3427935233.63,4,1.0,0.0584,0.1429,0.0868,1.3547,1.2302,-1.2705,0.3749,1
99,673,226,6452736116.0,0.8823973255664161,1216252800,20,6,1,3427935233.63,4,0.0,0.0584,0.1429,0.0868,1.3547,1.2302,-1.2705,0.3749,1
99,674,72,6679724382.0,0.9486145235382786,1216252800,20,6,1,3427935233.63,4,0.0,0.0584,0.1429,0.0868,1.3547,1.2302,-1.2705,0.3749,1
99,675,202,6785877461.4,0.9795815845138118,1216252800,20,6,1,3427935233.63,4,0.0,0.0584,0.1429,0.0868,1.3547,1.2302,-1.2705,0.3749,1
100,676,189,544978474.58,0.1948675249277254,1318464000,25,1,1,456099494.89,6,1.0,0.0481,0.1536,0.0541,1.4351,0.7663,0.2828,0.2384,1
100,677,257,574478375.26,0.259546177306226,1318464000,25,1,1,456099494.89,6,0.0,0.0481,0.1536,0.0541,1.4351,0.7663,0.2828,0.2384,1
100,678,79,579803620.27,0.2712217986775767,1318464000,25,1,1,456099494.89,6,0.0,0.0481,0.1536,0.0541,1.4351,0.7663,0.2828,0.2384,1
100,679,71,580838024.44,0.2734897340328868,1318464000,25,1,1,456099494.89,6,0.0,0.0481,0.1536,0.0541,1.4351,0.7663,0.2828,0.2384,1
100,680,80,602245136.47,0.3204249143385849,1318464000,25,1,1,456099494.89,6,0.0,0.0481,0.1536,0.0541,1.4351,0.7663,0.2828,0.2384,1
100,681,74,628702300.0,0.3784323531242402,1318464000,25,1,1,456099494.89,6,0.0,0.0481,0.1536,0.0541,1.4351,0.7663,0.2828,0.2384,1
101,682,201,2079593082.66,0.42197748264088863,1161820800,16,7,1,1462465551.0,2,1.0,0.0629,0.0931,0.0931,1.4142,0.0,0.0,0.5,1
101,683,183,2273217113.27,0.5543731007650927,1161820800,16,7,1,1462465551.0,2,0.0,0.0629,0.0931,0.0931,1.4142,0.0,0.0,0.5,1
