{"algorithm":{"0":"Dummy","1":"Tree","2":"Forest","3":"GradientBoost","4":"MLP","5":"Logistic","6":"SVM"},"train_f1":{"0":"0.342","1":"0.824","2":"0.980","3":"0.989","4":"0.742","5":"0.617","6":"0.815"},"test_f1":{"0":"0.318","1":"0.748","2":"0.777","3":"0.770","4":"0.739","5":"0.610","6":"0.764"},"train_precision":{"0":"0.356","1":"0.909","2":"0.999","3":"0.996","4":"0.823","5":"0.686","6":"0.912"},"test_precision":{"0":"0.341","1":"0.835","2":"0.850","3":"0.825","4":"0.818","5":"0.680","6":"0.856"},"train_recall":{"0":"0.330","1":"0.754","2":"0.961","3":"0.981","4":"0.676","5":"0.561","6":"0.736"},"test_recall":{"0":"0.297","1":"0.681","2":"0.719","3":"0.724","4":"0.676","5":"0.556","6":"0.692"},"train_accuracy":{"0":"0.564","1":"0.889","2":"0.986","3":"0.992","4":"0.838","5":"0.760","6":"0.885"},"test_accuracy":{"0":"0.561","1":"0.844","2":"0.860","3":"0.852","4":"0.836","5":"0.756","6":"0.854"},"params":{"0":{"Dummy__random_state":23,"Dummy__strategy":"stratified"},"1":{"Tree__max_depth":7,"Tree__random_state":23},"2":{"Forest__max_depth":12,"Forest__random_state":23},"3":{"GradientBoost__max_depth":6,"GradientBoost__random_state":23},"4":{"MLP__hidden_layer_sizes":15,"MLP__random_state":23},"5":{"Logistic__C":2.7825594022,"Logistic__random_state":23},"6":{"SVM__C":78.4759970351,"SVM__gamma":0.4641588834,"SVM__kernel":"rbf","SVM__random_state":23}}}