{"algorithm":{"0":"Dummy","1":"Tree","2":"Forest","3":"GradientBoost","4":"MLP","5":"Logistic","6":"SVM"},"train_f1":{"0":"0.407","1":"0.808","2":"1.000","3":"0.900","4":"0.688","5":"0.568","6":"0.751"},"test_f1":{"0":"0.410","1":"0.675","2":"0.714","3":"0.712","4":"0.686","5":"0.568","6":"0.690"},"train_precision":{"0":"0.416","1":"0.892","2":"1.000","3":"0.945","4":"0.783","5":"0.641","6":"0.889"},"test_precision":{"0":"0.424","1":"0.743","2":"0.781","3":"0.793","4":"0.784","5":"0.643","6":"0.818"},"train_recall":{"0":"0.398","1":"0.740","2":"1.000","3":"0.859","4":"0.613","5":"0.510","6":"0.651"},"test_recall":{"0":"0.396","1":"0.622","2":"0.658","3":"0.648","4":"0.613","5":"0.511","6":"0.599"},"train_accuracy":{"0":"0.530","1":"0.858","2":"1.000","3":"0.923","4":"0.774","5":"0.686","6":"0.826"},"test_accuracy":{"0":"0.537","1":"0.758","2":"0.787","3":"0.789","4":"0.774","5":"0.686","6":"0.783"},"params":{"0":{"Dummy__random_state":23,"Dummy__strategy":"stratified"},"1":{"Tree__max_depth":9,"Tree__random_state":23},"2":{"Forest__max_depth":18,"Forest__random_state":23},"3":{"GradientBoost__max_depth":5,"GradientBoost__random_state":23},"4":{"MLP__hidden_layer_sizes":15,"MLP__random_state":23},"5":{"Logistic__C":59.9484250319,"Logistic__random_state":23},"6":{"SVM__C":78.4759970351,"SVM__gamma":0.4641588834,"SVM__kernel":"rbf","SVM__random_state":23}}}