{"algorithm":{"0":"Dummy","1":"Tree","2":"Forest","3":"GradientBoost","4":"MLP","5":"Logistic","6":"SVM"},"train_f1":{"0":"0.327","1":"0.769","2":"1.000","3":"0.968","4":"0.666","5":"0.610","6":"0.783"},"test_f1":{"0":"0.327","1":"0.681","2":"0.728","3":"0.726","4":"0.661","5":"0.607","6":"0.704"},"train_precision":{"0":"0.334","1":"0.842","2":"1.000","3":"0.993","4":"0.728","5":"0.697","6":"0.890"},"test_precision":{"0":"0.346","1":"0.746","2":"0.792","3":"0.804","4":"0.723","5":"0.698","6":"0.800"},"train_recall":{"0":"0.321","1":"0.710","2":"1.000","3":"0.943","4":"0.613","5":"0.542","6":"0.699"},"test_recall":{"0":"0.311","1":"0.631","2":"0.676","3":"0.666","4":"0.611","5":"0.540","6":"0.631"},"train_accuracy":{"0":"0.588","1":"0.867","2":"1.000","3":"0.980","4":"0.808","5":"0.783","6":"0.879"},"test_accuracy":{"0":"0.601","1":"0.817","2":"0.844","3":"0.844","4":"0.806","5":"0.784","6":"0.835"},"params":{"0":{"Dummy__random_state":23,"Dummy__strategy":"stratified"},"1":{"Tree__max_depth":7,"Tree__random_state":23},"2":{"Forest__max_depth":18,"Forest__random_state":23},"3":{"GradientBoost__max_depth":6,"GradientBoost__random_state":23},"4":{"MLP__hidden_layer_sizes":17,"MLP__random_state":23},"5":{"Logistic__C":1.0,"Logistic__random_state":23},"6":{"SVM__C":10000.0,"SVM__gamma":0.2782559402,"SVM__kernel":"rbf","SVM__random_state":23}}}