{"algorithm":{"0":"Dummy","1":"Tree","2":"Forest","3":"GradientBoost","4":"MLP","5":"Logistic","6":"SVM"},"train_f1":{"0":"0.327","1":"0.808","2":"0.873","3":"0.876","4":"0.732","5":"0.604","6":"0.817"},"test_f1":{"0":"0.327","1":"0.743","2":"0.762","3":"0.763","4":"0.726","5":"0.606","6":"0.756"},"train_precision":{"0":"0.334","1":"0.894","2":"0.961","3":"0.946","4":"0.828","5":"0.705","6":"0.924"},"test_precision":{"0":"0.346","1":"0.816","2":"0.856","3":"0.855","4":"0.822","5":"0.706","6":"0.860"},"train_recall":{"0":"0.321","1":"0.738","2":"0.800","3":"0.815","4":"0.656","5":"0.529","6":"0.732"},"test_recall":{"0":"0.311","1":"0.686","2":"0.689","3":"0.690","4":"0.653","5":"0.534","6":"0.676"},"train_accuracy":{"0":"0.588","1":"0.891","2":"0.928","3":"0.928","4":"0.850","5":"0.784","6":"0.897"},"test_accuracy":{"0":"0.601","1":"0.854","2":"0.867","3":"0.867","4":"0.847","5":"0.785","6":"0.865"},"params":{"0":{"Dummy__random_state":23,"Dummy__strategy":"stratified"},"1":{"Tree__max_depth":7,"Tree__random_state":23},"2":{"Forest__max_depth":9,"Forest__random_state":23},"3":{"GradientBoost__max_depth":4,"GradientBoost__random_state":23},"4":{"MLP__hidden_layer_sizes":15,"MLP__random_state":23},"5":{"Logistic__C":7.7426368268,"Logistic__random_state":23},"6":{"SVM__C":1438.4498882877,"SVM__gamma":0.2782559402,"SVM__kernel":"rbf","SVM__random_state":23}}}