{"algorithm":{"0":"Dummy","1":"Tree","2":"Forest","3":"GradientBoost","4":"MLP","5":"Logistic","6":"SVM"},"train_f1":{"0":"0.341","1":"0.797","2":"0.854","3":"0.942","4":"0.735","5":"0.611","6":"0.806"},"test_f1":{"0":"0.316","1":"0.739","2":"0.766","3":"0.755","4":"0.729","5":"0.609","6":"0.758"},"train_precision":{"0":"0.354","1":"0.892","2":"0.940","3":"0.977","4":"0.832","5":"0.679","6":"0.909"},"test_precision":{"0":"0.342","1":"0.827","2":"0.865","3":"0.822","4":"0.825","5":"0.682","6":"0.854"},"train_recall":{"0":"0.329","1":"0.721","2":"0.782","3":"0.910","4":"0.658","5":"0.555","6":"0.725"},"test_recall":{"0":"0.294","1":"0.669","2":"0.689","3":"0.699","4":"0.655","5":"0.554","6":"0.682"},"train_accuracy":{"0":"0.563","1":"0.874","2":"0.908","3":"0.962","4":"0.837","5":"0.757","6":"0.881"},"test_accuracy":{"0":"0.563","1":"0.838","2":"0.856","3":"0.844","4":"0.833","5":"0.756","6":"0.850"},"params":{"0":{"Dummy__random_state":23,"Dummy__strategy":"stratified"},"1":{"Tree__max_depth":6,"Tree__random_state":23},"2":{"Forest__max_depth":8,"Forest__random_state":23},"3":{"GradientBoost__max_depth":5,"GradientBoost__random_state":23},"4":{"MLP__hidden_layer_sizes":19,"MLP__random_state":23},"5":{"Logistic__C":1.0,"Logistic__random_state":23},"6":{"SVM__C":335.9818286284,"SVM__gamma":0.2782559402,"SVM__kernel":"rbf","SVM__random_state":23}}}