{"algorithm":{"0":"Dummy","1":"Tree","2":"Forest","3":"GradientBoost","4":"MLP","5":"Logistic","6":"SVM"},"train_f1":{"0":"0.328","1":"0.784","2":"0.835","3":"0.977","4":"0.723","5":"0.592","6":"0.807"},"test_f1":{"0":"0.330","1":"0.735","2":"0.748","3":"0.748","4":"0.721","5":"0.590","6":"0.738"},"train_precision":{"0":"0.335","1":"0.872","2":"0.941","3":"0.996","4":"0.828","5":"0.699","6":"0.919"},"test_precision":{"0":"0.349","1":"0.826","2":"0.858","3":"0.825","4":"0.823","5":"0.696","6":"0.842"},"train_recall":{"0":"0.322","1":"0.714","2":"0.751","3":"0.958","4":"0.642","5":"0.514","6":"0.720"},"test_recall":{"0":"0.313","1":"0.667","2":"0.664","3":"0.686","4":"0.643","5":"0.515","6":"0.659"},"train_accuracy":{"0":"0.589","1":"0.877","2":"0.908","3":"0.986","4":"0.846","5":"0.779","6":"0.893"},"test_accuracy":{"0":"0.603","1":"0.849","2":"0.860","3":"0.855","4":"0.844","5":"0.778","6":"0.854"},"params":{"0":{"Dummy__random_state":23,"Dummy__strategy":"stratified"},"1":{"Tree__max_depth":6,"Tree__random_state":23},"2":{"Forest__max_depth":8,"Forest__random_state":23},"3":{"GradientBoost__max_depth":6,"GradientBoost__random_state":23},"4":{"MLP__hidden_layer_sizes":15,"MLP__random_state":23},"5":{"Logistic__C":2.7825594022,"Logistic__random_state":23},"6":{"SVM__C":10000.0,"SVM__gamma":0.1668100537,"SVM__kernel":"rbf","SVM__random_state":23}}}