{"algorithm":{"0":"Dummy","1":"Tree","2":"Forest","3":"GradientBoost","4":"MLP","5":"Logistic","6":"SVM"},"train_f1":{"0":"0.406","1":"0.720","2":"1.000","3":"0.770","4":"0.683","5":"0.563","6":"0.767"},"test_f1":{"0":"0.408","1":"0.678","2":"0.700","3":"0.703","4":"0.678","5":"0.560","6":"0.682"},"train_precision":{"0":"0.416","1":"0.808","2":"1.000","3":"0.864","4":"0.797","5":"0.634","6":"0.889"},"test_precision":{"0":"0.428","1":"0.766","2":"0.771","3":"0.802","4":"0.795","5":"0.630","6":"0.798"},"train_recall":{"0":"0.396","1":"0.654","2":"1.000","3":"0.695","4":"0.598","5":"0.507","6":"0.674"},"test_recall":{"0":"0.391","1":"0.615","2":"0.643","3":"0.628","4":"0.593","5":"0.506","6":"0.596"},"train_accuracy":{"0":"0.532","1":"0.796","2":"1.000","3":"0.833","4":"0.777","5":"0.683","6":"0.835"},"test_accuracy":{"0":"0.544","1":"0.765","2":"0.778","3":"0.787","4":"0.774","5":"0.682","6":"0.776"},"params":{"0":{"Dummy__random_state":23,"Dummy__strategy":"stratified"},"1":{"Tree__max_depth":5,"Tree__random_state":23},"2":{"Forest__max_depth":18,"Forest__random_state":23},"3":{"GradientBoost__max_depth":3,"GradientBoost__random_state":23},"4":{"MLP__hidden_layer_sizes":16,"MLP__random_state":23},"5":{"Logistic__C":7.7426368268,"Logistic__random_state":23},"6":{"SVM__C":1438.4498882877,"SVM__gamma":0.2782559402,"SVM__kernel":"rbf","SVM__random_state":23}}}