{"algorithm":{"0":"Dummy","1":"Tree","2":"Forest","3":"GradientBoost","4":"MLP","5":"Logistic","6":"SVM"},"train_f1":{"0":"0.381","1":"0.667","2":"0.951","3":"0.656","4":"0.618","5":"0.495","6":"0.688"},"test_f1":{"0":"0.385","1":"0.606","2":"0.647","3":"0.635","4":"0.614","5":"0.492","6":"0.614"},"train_precision":{"0":"0.394","1":"0.882","2":"1.000","3":"0.846","4":"0.788","5":"0.661","6":"0.894"},"test_precision":{"0":"0.410","1":"0.788","2":"0.779","3":"0.819","4":"0.783","5":"0.653","6":"0.796"},"train_recall":{"0":"0.369","1":"0.538","2":"0.907","3":"0.536","4":"0.508","5":"0.396","6":"0.559"},"test_recall":{"0":"0.363","1":"0.494","2":"0.555","3":"0.519","4":"0.506","5":"0.397","6":"0.501"},"train_accuracy":{"0":"0.541","1":"0.795","2":"0.965","3":"0.785","4":"0.759","5":"0.691","6":"0.806"},"test_accuracy":{"0":"0.556","1":"0.756","2":"0.769","3":"0.772","4":"0.757","5":"0.689","6":"0.760"},"params":{"0":{"Dummy__random_state":23,"Dummy__strategy":"stratified"},"1":{"Tree__max_depth":7,"Tree__random_state":23},"2":{"Forest__max_depth":15,"Forest__random_state":23},"3":{"GradientBoost__max_depth":2,"GradientBoost__random_state":23},"4":{"MLP__hidden_layer_sizes":12,"MLP__random_state":23},"5":{"Logistic__C":1.0,"Logistic__random_state":23},"6":{"SVM__C":10000.0,"SVM__gamma":0.1668100537,"SVM__kernel":"rbf","SVM__random_state":23}}}