{"algorithm":{"0":"Dummy","1":"Tree","2":"Forest","3":"GradientBoost","4":"MLP","5":"Logistic","6":"SVM"},"train_f1":{"0":"0.337","1":"0.702","2":"0.972","3":"0.998","4":"0.655","5":"0.524","6":"0.725"},"test_f1":{"0":"0.303","1":"0.656","2":"0.681","3":"0.682","4":"0.653","5":"0.523","6":"0.662"},"train_precision":{"0":"0.350","1":"0.903","2":"1.000","3":"1.000","4":"0.826","5":"0.685","6":"0.919"},"test_precision":{"0":"0.330","1":"0.862","2":"0.810","3":"0.783","4":"0.823","5":"0.683","6":"0.837"},"train_recall":{"0":"0.326","1":"0.574","2":"0.945","3":"0.996","4":"0.543","5":"0.425","6":"0.599"},"test_recall":{"0":"0.280","1":"0.531","2":"0.589","3":"0.606","4":"0.545","5":"0.425","6":"0.550"},"train_accuracy":{"0":"0.572","1":"0.837","2":"0.982","3":"0.999","4":"0.809","5":"0.742","6":"0.848"},"test_accuracy":{"0":"0.569","1":"0.814","2":"0.816","3":"0.812","4":"0.808","5":"0.741","6":"0.813"},"params":{"0":{"Dummy__random_state":23,"Dummy__strategy":"stratified"},"1":{"Tree__max_depth":6,"Tree__random_state":23},"2":{"Forest__max_depth":16,"Forest__random_state":23},"3":{"GradientBoost__max_depth":9,"GradientBoost__random_state":23},"4":{"MLP__hidden_layer_sizes":15,"MLP__random_state":23},"5":{"Logistic__C":21.5443469003,"Logistic__random_state":23},"6":{"SVM__C":1438.4498882877,"SVM__gamma":0.2782559402,"SVM__kernel":"rbf","SVM__random_state":23}}}