{"algorithm":{"0":"Dummy","1":"Tree","2":"Forest","3":"GradientBoost","4":"MLP","5":"Logistic","6":"SVM"},"train_f1":{"0":"0.764","1":"0.866","2":"0.883","3":"0.871","4":"0.866","5":"0.864","6":"0.916"},"test_f1":{"0":"0.753","1":"0.866","2":"0.870","3":"0.869","4":"0.866","5":"0.863","6":"0.867"},"train_precision":{"0":"0.762","1":"0.764","2":"0.794","3":"0.773","4":"0.764","5":"0.767","6":"0.852"},"test_precision":{"0":"0.755","1":"0.764","2":"0.780","3":"0.772","4":"0.764","5":"0.766","6":"0.779"},"train_recall":{"0":"0.766","1":"1.000","2":"0.994","3":"0.996","4":"1.000","5":"0.989","6":"0.990"},"test_recall":{"0":"0.752","1":"1.000","2":"0.986","3":"0.994","4":"1.000","5":"0.989","6":"0.976"},"train_accuracy":{"0":"0.638","1":"0.764","2":"0.799","3":"0.774","4":"0.764","5":"0.762","6":"0.861"},"test_accuracy":{"0":"0.624","1":"0.764","2":"0.776","3":"0.772","4":"0.764","5":"0.761","6":"0.770"},"params":{"0":{"Dummy__random_state":23,"Dummy__strategy":"stratified"},"1":{"Tree__max_depth":1,"Tree__random_state":23},"2":{"Forest__max_depth":5,"Forest__random_state":23},"3":{"GradientBoost__max_depth":1,"GradientBoost__random_state":23},"4":{"MLP__hidden_layer_sizes":1,"MLP__random_state":23},"5":{"Logistic__C":59.9484250319,"Logistic__random_state":23},"6":{"SVM__C":1.0,"SVM__gamma":5.9948425032,"SVM__kernel":"rbf","SVM__random_state":23}}}