{"algorithm":{"0":"Dummy","1":"Tree","2":"Forest","3":"GradientBoost","4":"MLP","5":"Logistic","6":"SVM"},"train_f1":{"0":"0.738","1":"0.853","2":"0.856","3":"0.856","4":"0.848","5":"0.849","6":"0.853"},"test_f1":{"0":"0.741","1":"0.849","2":"0.853","3":"0.853","4":"0.848","5":"0.848","6":"0.849"},"train_precision":{"0":"0.736","1":"0.758","2":"0.752","3":"0.756","4":"0.736","5":"0.737","6":"0.755"},"test_precision":{"0":"0.734","1":"0.754","2":"0.749","3":"0.754","4":"0.736","5":"0.737","6":"0.751"},"train_recall":{"0":"0.741","1":"0.976","2":"0.992","3":"0.986","4":"1.000","5":"1.000","6":"0.979"},"test_recall":{"0":"0.749","1":"0.970","2":"0.989","3":"0.983","4":"1.000","5":"0.999","6":"0.976"},"train_accuracy":{"0":"0.614","1":"0.752","2":"0.753","3":"0.756","4":"0.736","5":"0.737","6":"0.751"},"test_accuracy":{"0":"0.615","1":"0.745","2":"0.748","3":"0.751","4":"0.736","5":"0.736","6":"0.744"},"params":{"0":{"Dummy__random_state":23,"Dummy__strategy":"stratified"},"1":{"Tree__max_depth":3,"Tree__random_state":23},"2":{"Forest__max_depth":3,"Forest__random_state":23},"3":{"GradientBoost__max_depth":1,"GradientBoost__random_state":23},"4":{"MLP__hidden_layer_sizes":1,"MLP__random_state":23},"5":{"Logistic__C":1.0,"Logistic__random_state":23},"6":{"SVM__C":1.6237767392,"SVM__gamma":0.1668100537,"SVM__kernel":"rbf","SVM__random_state":23}}}